mean_fit_time,std_fit_time,mean_score_time,std_score_time,param_colsample_bytree,param_learning_rate,param_max_depth,param_n_estimators,param_subsample,params,split0_test_score,split1_test_score,split2_test_score,split3_test_score,split4_test_score,mean_test_score,std_test_score,rank_test_score
1.9518423080444336,0.33744966093136913,0.0407050609588623,0.0040427502157079276,0.3,0.01,3,50,0.5,"{'colsample_bytree': 0.3, 'learning_rate': 0.01, 'max_depth': 3, 'n_estimators': 50, 'subsample': 0.5}",-0.3383899558306708,-0.32841201701669803,-0.3341316638896379,-0.3381044141761551,-0.33384769987364077,-0.33457715015736056,0.0036254241388823188,243
1.7291813373565674,0.18736356342140315,0.038899564743041994,0.01113562791835519,0.3,0.01,3,50,0.7,"{'colsample_bytree': 0.3, 'learning_rate': 0.01, 'max_depth': 3, 'n_estimators': 50, 'subsample': 0.7}",-0.33797080723071876,-0.3281672604855525,-0.33395699546332736,-0.3378172592708893,-0.3335799923375703,-0.3342984629576116,0.003580292831304683,242
1.3578519821166992,0.07170547403303773,0.02842602729797363,0.003184271606734616,0.3,0.01,3,50,1.0,"{'colsample_bytree': 0.3, 'learning_rate': 0.01, 'max_depth': 3, 'n_estimators': 50, 'subsample': 1.0}",-0.3378020171268427,-0.3279332033997677,-0.33382552362738627,-0.3376180188003796,-0.3334075385758376,-0.3341172603060428,0.003596223516639373,239
2.5826858043670655,0.08368999365972565,0.028452539443969728,0.0021457791624796066,0.3,0.01,3,100,0.5,"{'colsample_bytree': 0.3, 'learning_rate': 0.01, 'max_depth': 3, 'n_estimators': 100, 'subsample': 0.5}",-0.236467371356333,-0.23068254503207636,-0.2316479675907836,-0.23983855573046997,-0.2296093777688519,-0.23364916349570297,0.0038826885185133495,216
2.701407527923584,0.10956403714598516,0.035834455490112306,0.008787587281014598,0.3,0.01,3,100,0.7,"{'colsample_bytree': 0.3, 'learning_rate': 0.01, 'max_depth': 3, 'n_estimators': 100, 'subsample': 0.7}",-0.23618703536754126,-0.2305651745961626,-0.23141276339424705,-0.23964945537335383,-0.22937820668105383,-0.2334385270824717,0.003872363692135709,215
2.7073697566986086,0.12234673826388597,0.03662443161010742,0.006780025010370127,0.3,0.01,3,100,1.0,"{'colsample_bytree': 0.3, 'learning_rate': 0.01, 'max_depth': 3, 'n_estimators': 100, 'subsample': 1.0}",-0.23604550677702227,-0.23032151621844993,-0.23116613687854723,-0.23948062622541638,-0.22917797743790125,-0.23323835270746743,0.0039021725619993054,214
6.892389011383057,0.20512099699638064,0.06798162460327148,0.04358414904600686,0.3,0.01,3,200,0.5,"{'colsample_bytree': 0.3, 'learning_rate': 0.01, 'max_depth': 3, 'n_estimators': 200, 'subsample': 0.5}",-0.15920532276311938,-0.15719545731041074,-0.1522181053391268,-0.16739589057310492,-0.14920905989018368,-0.15704476717518911,0.006269472652468585,186
6.664305973052978,0.20635904107027236,0.050910425186157224,0.010777366794154307,0.3,0.01,3,200,0.7,"{'colsample_bytree': 0.3, 'learning_rate': 0.01, 'max_depth': 3, 'n_estimators': 200, 'subsample': 0.7}",-0.15904964158050183,-0.15704676227045744,-0.152067477447342,-0.16719242888902894,-0.14903712177620385,-0.1568786863927068,0.006257035198227454,185
6.055541944503784,0.21337519566968902,0.047507524490356445,0.008011600530088413,0.3,0.01,3,200,1.0,"{'colsample_bytree': 0.3, 'learning_rate': 0.01, 'max_depth': 3, 'n_estimators': 200, 'subsample': 1.0}",-0.15897917293860891,-0.1568593695524006,-0.15198787038234657,-0.16708201731198805,-0.14882679355027473,-0.15674704474712378,0.0062799170487696995,184
2.0417778491973877,0.27237557818892855,0.033709239959716794,0.005727963122701831,0.3,0.01,5,50,0.5,"{'colsample_bytree': 0.3, 'learning_rate': 0.01, 'max_depth': 5, 'n_estimators': 50, 'subsample': 0.5}",-0.3378503696898295,-0.328048125383059,-0.3337253278441213,-0.3377236743941654,-0.33339799006874454,-0.3341490974759839,0.0035900590430166684,241
1.9862051010131836,0.12889857483142186,0.027158403396606447,0.0036683264674512396,0.3,0.01,5,50,0.7,"{'colsample_bytree': 0.3, 'learning_rate': 0.01, 'max_depth': 5, 'n_estimators': 50, 'subsample': 0.7}",-0.3375186356222475,-0.32778348484857656,-0.33353040603084133,-0.33740170687067206,-0.333237341930382,-0.3338943150605439,0.003559319772060052,238
1.644361686706543,0.13403750134262815,0.0277005672454834,0.003995600152887864,0.3,0.01,5,50,1.0,"{'colsample_bytree': 0.3, 'learning_rate': 0.01, 'max_depth': 5, 'n_estimators': 50, 'subsample': 1.0}",-0.33733570060026175,-0.3275427450164324,-0.33340440396857285,-0.33714527638637426,-0.33303122374946914,-0.33369186994422206,0.003564669560112264,236
3.0979302883148194,0.13945344821274447,0.04298501014709473,0.01777403532727052,0.3,0.01,5,100,0.5,"{'colsample_bytree': 0.3, 'learning_rate': 0.01, 'max_depth': 5, 'n_estimators': 100, 'subsample': 0.5}",-0.23587372970276088,-0.23024831492632822,-0.23121272249186337,-0.23937966852565068,-0.22922533149834148,-0.2331879534289889,0.0038417734024155225,213
3.0211583614349364,0.12359104213131951,0.0374539852142334,0.005092953913937718,0.3,0.01,5,100,0.7,"{'colsample_bytree': 0.3, 'learning_rate': 0.01, 'max_depth': 5, 'n_estimators': 100, 'subsample': 0.7}",-0.23560654319948493,-0.23011762442196287,-0.2309163264652572,-0.2391233756813116,-0.2290037306495624,-0.23295352008351583,0.003818349076906847,211
2.878470277786255,0.05607271882235137,0.04085507392883301,0.0031437140805854564,0.3,0.01,5,100,1.0,"{'colsample_bytree': 0.3, 'learning_rate': 0.01, 'max_depth': 5, 'n_estimators': 100, 'subsample': 1.0}",-0.23540522824930246,-0.2298709451619243,-0.2306609784517885,-0.23885453586730615,-0.22876606018914,-0.23271154958389229,0.0038166201604225955,209
6.160092306137085,0.09666173686811805,0.06863603591918946,0.005293454023589753,0.3,0.01,5,200,0.5,"{'colsample_bytree': 0.3, 'learning_rate': 0.01, 'max_depth': 5, 'n_estimators': 200, 'subsample': 0.5}",-0.1588477908718275,-0.15693226707392127,-0.15187231454222025,-0.1670038277812542,-0.1490161705405612,-0.15673447416195688,0.006215748712267308,182
6.291460990905762,0.15429589986202707,0.07535233497619628,0.023693823841537696,0.3,0.01,5,200,0.7,"{'colsample_bytree': 0.3, 'learning_rate': 0.01, 'max_depth': 5, 'n_estimators': 200, 'subsample': 0.7}",-0.15863957255631583,-0.1567104558789806,-0.15172353742388825,-0.16672030291909656,-0.14883114709311068,-0.15652500317427837,0.006175749800853528,180
6.4830310344696045,0.3099913629182918,0.058617687225341795,0.02377733754124124,0.3,0.01,5,200,1.0,"{'colsample_bytree': 0.3, 'learning_rate': 0.01, 'max_depth': 5, 'n_estimators': 200, 'subsample': 1.0}",-0.15848639379540555,-0.1564641271114067,-0.15160481863411768,-0.16647173094689177,-0.14857384341935997,-0.15632018278143633,0.006164536524946635,178
1.8764962673187255,0.318482547754048,0.036904335021972656,0.007839410193514336,0.3,0.01,7,50,0.5,"{'colsample_bytree': 0.3, 'learning_rate': 0.01, 'max_depth': 7, 'n_estimators': 50, 'subsample': 0.5}",-0.33783876785903966,-0.3280136175877679,-0.3336984055741964,-0.33772617632452095,-0.3333582660754271,-0.3341270466841904,0.0036022043359671464,240
3.2511478424072267,0.19565461360037514,0.05463600158691406,0.019240986598782542,0.3,0.01,7,50,0.7,"{'colsample_bytree': 0.3, 'learning_rate': 0.01, 'max_depth': 7, 'n_estimators': 50, 'subsample': 0.7}",-0.3375242480112373,-0.3277605864034063,-0.3335123495237956,-0.3373779403477329,-0.3331967667789008,-0.3338743782130146,0.00356553416740054,237
3.6013211727142336,0.34833614883014374,0.052161550521850585,0.013563121994232026,0.3,0.01,7,50,1.0,"{'colsample_bytree': 0.3, 'learning_rate': 0.01, 'max_depth': 7, 'n_estimators': 50, 'subsample': 1.0}",-0.337331106589883,-0.32752100329055406,-0.33338625461331833,-0.33710482569412575,-0.3330022904666743,-0.3336690961309111,0.003564778616541255,235
5.831417512893677,0.2562699410666488,0.036310005187988284,0.0037037619699737683,0.3,0.01,7,100,0.5,"{'colsample_bytree': 0.3, 'learning_rate': 0.01, 'max_depth': 7, 'n_estimators': 100, 'subsample': 0.5}",-0.2358681492993708,-0.23023829358655437,-0.23118161469446977,-0.2393825929252964,-0.2291922776310654,-0.23317258562735135,0.003853495580171426,212
4.3200936794281,0.7201954412070525,0.038677549362182616,0.007497957905026216,0.3,0.01,7,100,0.7,"{'colsample_bytree': 0.3, 'learning_rate': 0.01, 'max_depth': 7, 'n_estimators': 100, 'subsample': 0.7}",-0.23560605896732034,-0.2301088343377238,-0.23091603072137765,-0.23911101861393555,-0.22897997359224803,-0.2329443832465211,0.003820549826521564,210
3.0216679096221926,0.1490825270661625,0.03418326377868652,0.0025747643970832077,0.3,0.01,7,100,1.0,"{'colsample_bytree': 0.3, 'learning_rate': 0.01, 'max_depth': 7, 'n_estimators': 100, 'subsample': 1.0}",-0.2354141260304076,-0.22985581165465616,-0.23064408191056968,-0.23883108050808743,-0.22875608857407062,-0.2327002377355583,0.003816471456536985,208
7.010340166091919,0.10255321439678917,0.055981683731079104,0.007369084000480001,0.3,0.01,7,200,0.5,"{'colsample_bytree': 0.3, 'learning_rate': 0.01, 'max_depth': 7, 'n_estimators': 200, 'subsample': 0.5}",-0.15887638600775386,-0.1569508042743861,-0.15188825686210994,-0.1669853113950288,-0.1490028165608738,-0.1567407150200305,0.006212542244328274,183
6.716228389739991,0.3137826780637609,0.07370905876159668,0.032610553727834696,0.3,0.01,7,200,0.7,"{'colsample_bytree': 0.3, 'learning_rate': 0.01, 'max_depth': 7, 'n_estimators': 200, 'subsample': 0.7}",-0.15867095300257528,-0.1567344872877055,-0.15173599909136448,-0.16672512671724674,-0.14884400433463163,-0.15654211408670474,0.0061745015007749985,181
5.640480613708496,0.16211177215907746,0.05088224411010742,0.004044849595957961,0.3,0.01,7,200,1.0,"{'colsample_bytree': 0.3, 'learning_rate': 0.01, 'max_depth': 7, 'n_estimators': 200, 'subsample': 1.0}",-0.15852703363494566,-0.15647654015458856,-0.1516380835516526,-0.1664536935647662,-0.14856848376326792,-0.15633276693384418,0.006157804449233378,179
1.6126543045043946,0.118747230016776,0.03183050155639648,0.0025218830997630125,0.3,0.1,3,50,0.5,"{'colsample_bytree': 0.3, 'learning_rate': 0.1, 'max_depth': 3, 'n_estimators': 50, 'subsample': 0.5}",-0.13202635140170807,-0.13115130172456346,-0.12170545975111303,-0.14620308816872557,-0.11745508132711348,-0.12970825647464473,0.009937006318751043,72
1.6502098560333252,0.11739028878257417,0.03430099487304687,0.010539202319092278,0.3,0.1,3,50,0.7,"{'colsample_bytree': 0.3, 'learning_rate': 0.1, 'max_depth': 3, 'n_estimators': 50, 'subsample': 0.7}",-0.1320397804869456,-0.13104089598601962,-0.12160667496796014,-0.14612450792173973,-0.1173702839074476,-0.12963642865402253,0.00994525653425539,71
1.6451797962188721,0.1736058896683693,0.030144739151000976,0.005213403888229029,0.3,0.1,3,50,1.0,"{'colsample_bytree': 0.3, 'learning_rate': 0.1, 'max_depth': 3, 'n_estimators': 50, 'subsample': 1.0}",-0.1320778041210132,-0.1308159018616809,-0.12180821956331685,-0.1457973863076036,-0.11748281047548903,-0.1295964244658207,0.009772525919344162,69
3.0080344676971436,0.06936287616480286,0.03565316200256348,0.003957963154608624,0.3,0.1,3,100,0.5,"{'colsample_bytree': 0.3, 'learning_rate': 0.1, 'max_depth': 3, 'n_estimators': 100, 'subsample': 0.5}",-0.13212619048845262,-0.12868250561117553,-0.12033073883489456,-0.1462099975638523,-0.1163908263455452,-0.12874805176878407,0.010391225583594716,36
3.067898654937744,0.127741290367452,0.04670538902282715,0.011604373729574013,0.3,0.1,3,100,0.7,"{'colsample_bytree': 0.3, 'learning_rate': 0.1, 'max_depth': 3, 'n_estimators': 100, 'subsample': 0.7}",-0.1318893174410103,-0.12820512569847495,-0.12012646644993673,-0.14560547567141177,-0.11622861869757663,-0.12841100079168208,0.010245340213023592,19
2.789289712905884,0.17223186934899032,0.044421148300170896,0.009327957435628448,0.3,0.1,3,100,1.0,"{'colsample_bytree': 0.3, 'learning_rate': 0.1, 'max_depth': 3, 'n_estimators': 100, 'subsample': 1.0}",-0.13157797201252835,-0.12831498714357398,-0.12050531065641157,-0.14466055986187554,-0.11609858204439198,-0.12823148234375628,0.00987948938830144,14
5.927853727340699,0.17708509546576706,0.06236453056335449,0.024848436736162795,0.3,0.1,3,200,0.5,"{'colsample_bytree': 0.3, 'learning_rate': 0.1, 'max_depth': 3, 'n_estimators': 200, 'subsample': 0.5}",-0.13270478407304942,-0.12834442934485585,-0.12163646241474299,-0.14671116931497957,-0.11622425023570945,-0.12912421907666746,0.01044227017779087,49
6.153301763534546,0.1397502343884424,0.07617182731628418,0.04919636974344161,0.3,0.1,3,200,0.7,"{'colsample_bytree': 0.3, 'learning_rate': 0.1, 'max_depth': 3, 'n_estimators': 200, 'subsample': 0.7}",-0.13278109220036094,-0.1276946948815835,-0.12144146769784349,-0.14581385722040477,-0.11613131373155497,-0.1287724851463495,0.010209622481788475,38
5.712165021896363,0.16149659094840443,0.04422159194946289,0.004207376321056154,0.3,0.1,3,200,1.0,"{'colsample_bytree': 0.3, 'learning_rate': 0.1, 'max_depth': 3, 'n_estimators': 200, 'subsample': 1.0}",-0.13279146600256347,-0.12789803031566804,-0.12142618679123252,-0.14516847951636072,-0.11634875706475367,-0.1287265839381157,0.009940342993259306,31
1.7352607250213623,0.11579439396833636,0.03358016014099121,0.004348640525615117,0.3,0.1,5,50,0.5,"{'colsample_bytree': 0.3, 'learning_rate': 0.1, 'max_depth': 5, 'n_estimators': 50, 'subsample': 0.5}",-0.13187237604048443,-0.13140050393811392,-0.1218688845735593,-0.14601373640169127,-0.11685949611643202,-0.12960299941405617,0.009999067855820094,70
1.658527660369873,0.07656448853704782,0.04685750007629395,0.02319532951579861,0.3,0.1,5,50,0.7,"{'colsample_bytree': 0.3, 'learning_rate': 0.1, 'max_depth': 5, 'n_estimators': 50, 'subsample': 0.7}",-0.13167886039660096,-0.1312627450158813,-0.12156115097837308,-0.1455027811357705,-0.11685312507563184,-0.12937173252045153,0.009867423302032939,59
1.546248197555542,0.03928749705931205,0.03805665969848633,0.005987322247580685,0.3,0.1,5,50,1.0,"{'colsample_bytree': 0.3, 'learning_rate': 0.1, 'max_depth': 5, 'n_estimators': 50, 'subsample': 1.0}",-0.13114145775657132,-0.13050359594126715,-0.12160405449223366,-0.14512206289260937,-0.11677579945922402,-0.1290293941083811,0.009704579565730252,45
3.7275627136230467,0.15931547202223947,0.048996925354003906,0.009132803028343725,0.3,0.1,5,100,0.5,"{'colsample_bytree': 0.3, 'learning_rate': 0.1, 'max_depth': 5, 'n_estimators': 100, 'subsample': 0.5}",-0.13194043007411016,-0.12951640869806136,-0.1209541438957164,-0.146339872771706,-0.11582178579902573,-0.12891452824772393,0.010468510854735045,43
3.963229751586914,0.27442228688888015,0.042569303512573244,0.005181824522635684,0.3,0.1,5,100,0.7,"{'colsample_bytree': 0.3, 'learning_rate': 0.1, 'max_depth': 5, 'n_estimators': 100, 'subsample': 0.7}",-0.13225298976417751,-0.12845549561819727,-0.12034018076615194,-0.14569799106120343,-0.11573529283720525,-0.1284963900093871,0.010386319300619186,22
4.085603713989258,0.14134405343761372,0.06595096588134766,0.045346215030430626,0.3,0.1,5,100,1.0,"{'colsample_bytree': 0.3, 'learning_rate': 0.1, 'max_depth': 5, 'n_estimators': 100, 'subsample': 1.0}",-0.131160069901919,-0.12832998269717713,-0.1206619335265265,-0.14531276636043558,-0.11567656971169901,-0.12822826443955143,0.01015165444431982,13
6.144981718063354,0.46949965482415734,0.06637921333312988,0.003425152357078336,0.3,0.1,5,200,0.5,"{'colsample_bytree': 0.3, 'learning_rate': 0.1, 'max_depth': 5, 'n_estimators': 200, 'subsample': 0.5}",-0.13366901011334384,-0.12929063469520333,-0.12247157852296384,-0.14776330440762203,-0.11618414188359164,-0.12987573392454493,0.010742231360070348,75
6.019831275939941,0.4015202861198307,0.0690849781036377,0.00902985380362062,0.3,0.1,5,200,0.7,"{'colsample_bytree': 0.3, 'learning_rate': 0.1, 'max_depth': 5, 'n_estimators': 200, 'subsample': 0.7}",-0.13429626774662218,-0.12857141540282588,-0.12235230262720033,-0.14730240331261577,-0.11617804700566407,-0.12974008721898564,0.01066834398872901,73
6.317491722106934,0.42448450960318007,0.06959705352783203,0.01994031755524123,0.3,0.1,5,200,1.0,"{'colsample_bytree': 0.3, 'learning_rate': 0.1, 'max_depth': 5, 'n_estimators': 200, 'subsample': 1.0}",-0.13319751919709527,-0.1283220358493324,-0.12218480543461736,-0.14649974613495434,-0.11634308449529661,-0.1293094382222592,0.010300345087206259,56
1.8864890575408935,0.1835158380609994,0.0316831111907959,0.0016367564655802563,0.3,0.1,7,50,0.5,"{'colsample_bytree': 0.3, 'learning_rate': 0.1, 'max_depth': 7, 'n_estimators': 50, 'subsample': 0.5}",-0.13158740259126067,-0.13146421198768124,-0.1217939768608628,-0.14565955730664001,-0.11675006961609467,-0.12945104367250787,0.009912398342101449,62
1.9217648029327392,0.11843887568598503,0.04133005142211914,0.00917572165388337,0.3,0.1,7,50,0.7,"{'colsample_bytree': 0.3, 'learning_rate': 0.1, 'max_depth': 7, 'n_estimators': 50, 'subsample': 0.7}",-0.1314894430582195,-0.13150730340837924,-0.12148881172432784,-0.1455928114848802,-0.11686490488790793,-0.12938865491274293,0.009906851261431955,61
2.0448692798614503,0.25806706246390715,0.040186595916748044,0.01710732577171882,0.3,0.1,7,50,1.0,"{'colsample_bytree': 0.3, 'learning_rate': 0.1, 'max_depth': 7, 'n_estimators': 50, 'subsample': 1.0}",-0.13129646436923767,-0.13060007220422878,-0.12183562983572123,-0.14531343011789022,-0.1167664637037597,-0.12916241204616755,0.009744923844420194,51
3.9465635776519776,0.1913787867145197,0.05353879928588867,0.010643376281771394,0.3,0.1,7,100,0.5,"{'colsample_bytree': 0.3, 'learning_rate': 0.1, 'max_depth': 7, 'n_estimators': 100, 'subsample': 0.5}",-0.1320274225790953,-0.1293970816901734,-0.12064353232502789,-0.1460380417798276,-0.11587843214527375,-0.12879690210387956,0.010405937538004291,40
3.697628879547119,0.1371604987604007,0.06566753387451171,0.02768432836913093,0.3,0.1,7,100,0.7,"{'colsample_bytree': 0.3, 'learning_rate': 0.1, 'max_depth': 7, 'n_estimators': 100, 'subsample': 0.7}",-0.13233308933180454,-0.1291330010643748,-0.12028663015835021,-0.14574824376791579,-0.11569294003203232,-0.12863878087089553,0.010430523532198652,27
3.415026044845581,0.1607024255246325,0.047303056716918944,0.0063173550726214655,0.3,0.1,7,100,1.0,"{'colsample_bytree': 0.3, 'learning_rate': 0.1, 'max_depth': 7, 'n_estimators': 100, 'subsample': 1.0}",-0.13156126382830438,-0.1282644388542535,-0.12143630480846435,-0.14543889540948654,-0.11554147690205109,-0.12844847596051195,0.010140599982044139,21
7.816230201721192,0.22212655781911703,0.07520627975463867,0.011689020539312906,0.3,0.1,7,200,0.5,"{'colsample_bytree': 0.3, 'learning_rate': 0.1, 'max_depth': 7, 'n_estimators': 200, 'subsample': 0.5}",-0.13478718852718483,-0.13021385113706224,-0.1224498211389056,-0.1480044867003267,-0.11665553988107732,-0.13042217747691134,0.010782514504843965,89
8.152866220474243,0.5445653712246756,0.08509821891784668,0.007283620574006032,0.3,0.1,7,200,0.7,"{'colsample_bytree': 0.3, 'learning_rate': 0.1, 'max_depth': 7, 'n_estimators': 200, 'subsample': 0.7}",-0.13457359317728862,-0.12971676262013485,-0.12230059668137067,-0.14914474121279828,-0.11619116314972483,-0.13038537136826345,0.011284868853759554,87
8.255287981033325,0.16586527661976594,0.07547569274902344,0.014680301954289082,0.3,0.1,7,200,1.0,"{'colsample_bytree': 0.3, 'learning_rate': 0.1, 'max_depth': 7, 'n_estimators': 200, 'subsample': 1.0}",-0.13432128181773176,-0.1296740769476946,-0.1235503255408636,-0.14809502597963817,-0.11709127171810157,-0.13054639640080593,0.01051618266234203,94
2.11633186340332,0.2422228723736644,0.039200115203857425,0.009262150750926188,0.3,0.2,3,50,0.5,"{'colsample_bytree': 0.3, 'learning_rate': 0.2, 'max_depth': 3, 'n_estimators': 50, 'subsample': 0.5}",-0.13192413463053873,-0.1289516103866591,-0.12134469859718641,-0.14623372949967794,-0.11550754830987552,-0.12879234428478753,0.010449771529160106,39
2.1071143627166746,0.17577268836059753,0.030378246307373048,0.003423733254729918,0.3,0.2,3,50,0.7,"{'colsample_bytree': 0.3, 'learning_rate': 0.2, 'max_depth': 3, 'n_estimators': 50, 'subsample': 0.7}",-0.13223093716945636,-0.1289912617687072,-0.12111730937205689,-0.14601875066502823,-0.11534686120370649,-0.12874102403579105,0.01047173885584039,33
1.7529108047485351,0.18504655849437646,0.04228925704956055,0.023150388929240595,0.3,0.2,3,50,1.0,"{'colsample_bytree': 0.3, 'learning_rate': 0.2, 'max_depth': 3, 'n_estimators': 50, 'subsample': 1.0}",-0.1312305093151502,-0.12846158463566046,-0.12038646717708205,-0.14477223299312622,-0.11626454808975856,-0.12822306844215553,0.00987314505434486,12
3.901312732696533,0.15477526273983283,0.0426030158996582,0.005263155282288055,0.3,0.2,3,100,0.5,"{'colsample_bytree': 0.3, 'learning_rate': 0.2, 'max_depth': 3, 'n_estimators': 100, 'subsample': 0.5}",-0.13359380618563663,-0.12862189858048031,-0.12186285998796588,-0.14743835181192874,-0.11611071022055615,-0.12952552535731354,0.010741606095543147,65
3.9605644226074217,0.23663400030932855,0.054389572143554686,0.031185842065105485,0.3,0.2,3,100,0.7,"{'colsample_bytree': 0.3, 'learning_rate': 0.2, 'max_depth': 3, 'n_estimators': 100, 'subsample': 0.7}",-0.1321357650794508,-0.1276802787199559,-0.1210832148750627,-0.14637075704942457,-0.11602811958724615,-0.12865962706222803,0.010427691852313391,28
3.3556827545166015,0.2740516205319455,0.044699811935424806,0.01199424525195354,0.3,0.2,3,100,1.0,"{'colsample_bytree': 0.3, 'learning_rate': 0.2, 'max_depth': 3, 'n_estimators': 100, 'subsample': 1.0}",-0.13191592415598605,-0.12773176130200867,-0.1210895753869956,-0.1451592975355754,-0.11667510467927594,-0.12851433261196835,0.009844109285127257,23
7.849868202209473,0.2520007865202769,0.04566311836242676,0.006286504995633382,0.3,0.2,3,200,0.5,"{'colsample_bytree': 0.3, 'learning_rate': 0.2, 'max_depth': 3, 'n_estimators': 200, 'subsample': 0.5}",-0.13482628433425678,-0.12884949392489686,-0.1247016310094755,-0.14786536799530667,-0.11689419703351694,-0.13062739485949057,0.010408215237197215,96
6.8054193496704105,0.3957809263686414,0.051517915725708005,0.008509445222226669,0.3,0.2,3,200,0.7,"{'colsample_bytree': 0.3, 'learning_rate': 0.2, 'max_depth': 3, 'n_estimators': 200, 'subsample': 0.7}",-0.13336396088408187,-0.12843718671951956,-0.12447091000732285,-0.14770639127065466,-0.11675617728904965,-0.1301469252341257,0.010326051046095857,82
6.093580198287964,0.20047985967180487,0.05082855224609375,0.005214881846831592,0.3,0.2,3,200,1.0,"{'colsample_bytree': 0.3, 'learning_rate': 0.2, 'max_depth': 3, 'n_estimators': 200, 'subsample': 1.0}",-0.1335366095987516,-0.12778366087777587,-0.12325170509172269,-0.14697112971324755,-0.11753506091234438,-0.1298156332387684,0.01006164246450219,74
1.860970401763916,0.24803647227328554,0.03568282127380371,0.004649089669858602,0.3,0.2,5,50,0.5,"{'colsample_bytree': 0.3, 'learning_rate': 0.2, 'max_depth': 5, 'n_estimators': 50, 'subsample': 0.5}",-0.1314894441252661,-0.13067766123337307,-0.12276208776573423,-0.14682409872084295,-0.1148026618331631,-0.1293111907356759,0.010646146121232923,57
1.9125463485717773,0.1328636023928492,0.03529582023620605,0.007359772444740167,0.3,0.2,5,50,0.7,"{'colsample_bytree': 0.3, 'learning_rate': 0.2, 'max_depth': 5, 'n_estimators': 50, 'subsample': 0.7}",-0.1317973277298008,-0.13004488777089754,-0.12154180833586724,-0.14611151115476465,-0.11519802203673049,-0.12893871140561214,0.010467292716073483,44
1.8536515712738038,0.12887907611883084,0.0390383243560791,0.01838602636143989,0.3,0.2,5,50,1.0,"{'colsample_bytree': 0.3, 'learning_rate': 0.2, 'max_depth': 5, 'n_estimators': 50, 'subsample': 1.0}",-0.13151140033270278,-0.12815983379006204,-0.12140027777504266,-0.14548101428817672,-0.11640208865071117,-0.12859092296733907,0.00994246720916196,24
3.708594465255737,0.09630577307206671,0.04465584754943848,0.005832748186489892,0.3,0.2,5,100,0.5,"{'colsample_bytree': 0.3, 'learning_rate': 0.2, 'max_depth': 5, 'n_estimators': 100, 'subsample': 0.5}",-0.13382611378841003,-0.1302451092572668,-0.123453592032401,-0.14803662010419966,-0.1167558394297299,-0.13046345492240147,0.010556592103675584,90
3.581742286682129,0.18866070221268055,0.05688300132751465,0.019749084684174092,0.3,0.2,5,100,0.7,"{'colsample_bytree': 0.3, 'learning_rate': 0.2, 'max_depth': 5, 'n_estimators': 100, 'subsample': 0.7}",-0.133680064317703,-0.12950971928530797,-0.1219784757645266,-0.14733218805853007,-0.11544614730309377,-0.12958931894583228,0.010858215103783425,68
3.5541755676269533,0.23483754020302766,0.047312355041503905,0.013337110877739207,0.3,0.2,5,100,1.0,"{'colsample_bytree': 0.3, 'learning_rate': 0.2, 'max_depth': 5, 'n_estimators': 100, 'subsample': 1.0}",-0.13334649186851466,-0.1280583398884747,-0.12352006483740326,-0.14665594062219608,-0.11632694925361385,-0.1295815572940405,0.010202507679572703,67
7.0709085941314695,0.18995860660282787,0.05894947052001953,0.005621310123997996,0.3,0.2,5,200,0.5,"{'colsample_bytree': 0.3, 'learning_rate': 0.2, 'max_depth': 5, 'n_estimators': 200, 'subsample': 0.5}",-0.13702140083720157,-0.13193965289520604,-0.1271617771267175,-0.15011736851073987,-0.11818710224324995,-0.132885460322623,0.010618300193440951,113
7.112431859970092,0.1547454423603044,0.06155781745910645,0.00638372806951681,0.3,0.2,5,200,0.7,"{'colsample_bytree': 0.3, 'learning_rate': 0.2, 'max_depth': 5, 'n_estimators': 200, 'subsample': 0.7}",-0.13672092538834965,-0.13088049856678113,-0.12461547243717062,-0.1499885473288315,-0.1167722414168453,-0.13179553702759564,0.011254644447876267,107
6.882316780090332,0.2075518697416188,0.07391910552978516,0.014775859170408624,0.3,0.2,5,200,1.0,"{'colsample_bytree': 0.3, 'learning_rate': 0.2, 'max_depth': 5, 'n_estimators': 200, 'subsample': 1.0}",-0.13626003374268164,-0.13056838579693658,-0.1258546279593928,-0.14987657126636844,-0.11817463914650432,-0.13214685158237677,0.010663653972887188,110
1.994279718399048,0.13990586281949044,0.04704461097717285,0.0206362920994723,0.3,0.2,7,50,0.5,"{'colsample_bytree': 0.3, 'learning_rate': 0.2, 'max_depth': 7, 'n_estimators': 50, 'subsample': 0.5}",-0.13155619970945606,-0.13075091552974252,-0.12263870471780665,-0.1463300050999675,-0.11503414675509714,-0.12926199436241398,0.010441234296840117,53
1.9765278816223144,0.11999210300905794,0.03777599334716797,0.010117772663364066,0.3,0.2,7,50,0.7,"{'colsample_bytree': 0.3, 'learning_rate': 0.2, 'max_depth': 7, 'n_estimators': 50, 'subsample': 0.7}",-0.13177993209900787,-0.1296876745594039,-0.12132335846644876,-0.14725884847215476,-0.11548700993512752,-0.12910736470642856,0.010798708775876008,47
1.662836742401123,0.11025873291765254,0.03580684661865234,0.00133043776473204,0.3,0.2,7,50,1.0,"{'colsample_bytree': 0.3, 'learning_rate': 0.2, 'max_depth': 7, 'n_estimators': 50, 'subsample': 1.0}",-0.1314013649290455,-0.12834650193778901,-0.12153457932348481,-0.14615012515467463,-0.1163738908305431,-0.1287612924351074,0.010150730399232026,37
4.008459520339966,0.16400347200764856,0.07158989906311035,0.009796924735311033,0.3,0.2,7,100,0.5,"{'colsample_bytree': 0.3, 'learning_rate': 0.2, 'max_depth': 7, 'n_estimators': 100, 'subsample': 0.5}",-0.1345119627013843,-0.13140856912893997,-0.12316902091347248,-0.14822751764306039,-0.11686125088228344,-0.13083566425382812,0.010680651700818701,97
4.689728832244873,0.58613421130591,0.09271140098571777,0.030897605409921165,0.3,0.2,7,100,0.7,"{'colsample_bytree': 0.3, 'learning_rate': 0.2, 'max_depth': 7, 'n_estimators': 100, 'subsample': 0.7}",-0.13438533821439966,-0.12946702171953467,-0.12120779872832946,-0.14936800277827106,-0.11684890445439537,-0.13025541317898603,0.011353966060477946,83
5.614384984970092,0.11081983639898456,0.08917679786682128,0.008803618593278007,0.3,0.2,7,100,1.0,"{'colsample_bytree': 0.3, 'learning_rate': 0.2, 'max_depth': 7, 'n_estimators': 100, 'subsample': 1.0}",-0.13312202965402448,-0.12859939491442518,-0.12342583970536271,-0.14853391215456493,-0.11688479093285359,-0.1301131934722462,0.01068062631275175,80
11.293833208084106,0.11195412060383951,0.1491096019744873,0.013583880411933558,0.3,0.2,7,200,0.5,"{'colsample_bytree': 0.3, 'learning_rate': 0.2, 'max_depth': 7, 'n_estimators': 200, 'subsample': 0.5}",-0.14080665833428774,-0.135991924641303,-0.12712330064120073,-0.15239695628931116,-0.11945191087438067,-0.13515415015609666,0.011322737659518287,130
11.514035844802857,0.20667419742606422,0.1722784996032715,0.030583650360668447,0.3,0.2,7,200,0.7,"{'colsample_bytree': 0.3, 'learning_rate': 0.2, 'max_depth': 7, 'n_estimators': 200, 'subsample': 0.7}",-0.13806609638785305,-0.13315541365654862,-0.12493978921266331,-0.15453847744391586,-0.1189359874594932,-0.1339271528320948,0.012231605629869333,125
11.13751974105835,0.1827924710141339,0.14117918014526368,0.009411125220872528,0.3,0.2,7,200,1.0,"{'colsample_bytree': 0.3, 'learning_rate': 0.2, 'max_depth': 7, 'n_estimators': 200, 'subsample': 1.0}",-0.1372988297335147,-0.13239113254303977,-0.12628933856931174,-0.15275472760427372,-0.11886787936213242,-0.13352038156245447,0.011423622412219397,120
3.0284801959991454,0.14910933366375603,0.05341315269470215,0.004564028104307059,0.5,0.01,3,50,0.5,"{'colsample_bytree': 0.5, 'learning_rate': 0.01, 'max_depth': 3, 'n_estimators': 50, 'subsample': 0.5}",-0.33276320159665346,-0.32285182248207117,-0.32829656537199037,-0.33240097252765805,-0.3278024234627579,-0.3288229970882262,0.0036138828665981744,234
2.9327704906463623,0.15067615578241492,0.05358810424804687,0.004205054574180845,0.5,0.01,3,50,0.7,"{'colsample_bytree': 0.5, 'learning_rate': 0.01, 'max_depth': 3, 'n_estimators': 50, 'subsample': 0.7}",-0.33241664006607236,-0.3227846505945627,-0.3280333996134287,-0.3322066595334896,-0.3277000654800711,-0.3286282830575249,0.0035360978938170826,233
2.6523486614227294,0.04951541855980175,0.057846450805664064,0.003059115453521673,0.5,0.01,3,50,1.0,"{'colsample_bytree': 0.5, 'learning_rate': 0.01, 'max_depth': 3, 'n_estimators': 50, 'subsample': 1.0}",-0.33226346378100774,-0.32277080989920387,-0.32795339012728686,-0.33188594500746216,-0.3275899276548633,-0.3284927072939648,0.0034519168745524246,232
5.586878776550293,0.16938709453293416,0.061647891998291016,0.007794189733761586,0.5,0.01,3,100,0.5,"{'colsample_bytree': 0.5, 'learning_rate': 0.01, 'max_depth': 3, 'n_estimators': 100, 'subsample': 0.5}",-0.23039255897392816,-0.22500944357937458,-0.22530222687680618,-0.2338137981099111,-0.2233850345838344,-0.22758061242477087,0.0039029340383056068,207
5.5441107749938965,0.2227920936271406,0.0933619499206543,0.03276064222760214,0.5,0.01,3,100,0.7,"{'colsample_bytree': 0.5, 'learning_rate': 0.01, 'max_depth': 3, 'n_estimators': 100, 'subsample': 0.7}",-0.23026980998428206,-0.22499276874596463,-0.2251447060722376,-0.23375384382535616,-0.22315611626870502,-0.2274634489793091,0.003936462218128904,206
5.259572458267212,0.15450341618199218,0.06649045944213867,0.01652018294310309,0.5,0.01,3,100,1.0,"{'colsample_bytree': 0.5, 'learning_rate': 0.01, 'max_depth': 3, 'n_estimators': 100, 'subsample': 1.0}",-0.2301545742542171,-0.22482255415361355,-0.22490862029693046,-0.23349389880121166,-0.2231277436891587,-0.2273014782390263,0.0038929968696602567,205
11.08895502090454,0.14587393687549108,0.08002772331237792,0.002544411693362524,0.5,0.01,3,200,0.5,"{'colsample_bytree': 0.5, 'learning_rate': 0.01, 'max_depth': 3, 'n_estimators': 200, 'subsample': 0.5}",-0.1550266207638653,-0.1532142177139834,-0.147989121110092,-0.1630617172018485,-0.1446445111706578,-0.1527872375920894,0.006325946500168601,177
11.014476823806763,0.3745799915662482,0.08073210716247559,0.011562424955899335,0.5,0.01,3,200,0.7,"{'colsample_bytree': 0.5, 'learning_rate': 0.01, 'max_depth': 3, 'n_estimators': 200, 'subsample': 0.7}",-0.15501191193184624,-0.15317855476627815,-0.14793841486710452,-0.16294361075577554,-0.14461153023678658,-0.1527368045115582,0.006302297612595819,176
10.451890897750854,0.27754320144287187,0.08477253913879394,0.014927509334627234,0.5,0.01,3,200,1.0,"{'colsample_bytree': 0.5, 'learning_rate': 0.01, 'max_depth': 3, 'n_estimators': 200, 'subsample': 1.0}",-0.15497167415823393,-0.1529978888833069,-0.1479174658790709,-0.1628745877401561,-0.14454819999295684,-0.15266196333074494,0.006294262768295587,175
3.0356921672821047,0.22212578257947804,0.06926002502441406,0.013040827169636048,0.5,0.01,5,50,0.5,"{'colsample_bytree': 0.5, 'learning_rate': 0.01, 'max_depth': 5, 'n_estimators': 50, 'subsample': 0.5}",-0.3322632016925583,-0.32253215674918817,-0.32785476926796997,-0.33202123358585917,-0.3274068951591076,-0.32841565129093664,0.003570757717304597,230
3.121631908416748,0.07301037345517743,0.06402449607849121,0.005892288628686868,0.5,0.01,5,50,0.7,"{'colsample_bytree': 0.5, 'learning_rate': 0.01, 'max_depth': 5, 'n_estimators': 50, 'subsample': 0.7}",-0.33173981762615107,-0.3223680508243713,-0.3275816852793972,-0.3317229660705868,-0.3272198618639018,-0.3281264763328816,0.0034718636251859732,229
2.616336536407471,0.17279227278380604,0.049866104125976564,0.005249374390564624,0.5,0.01,5,50,1.0,"{'colsample_bytree': 0.5, 'learning_rate': 0.01, 'max_depth': 5, 'n_estimators': 50, 'subsample': 1.0}",-0.33148806766534933,-0.3221646684164328,-0.32752760315068874,-0.3313987410638762,-0.32693391437786573,-0.3279025989348426,0.003437482044956801,227
5.0487034797668455,0.12300387802376335,0.07176532745361328,0.010915486026252969,0.5,0.01,5,100,0.5,"{'colsample_bytree': 0.5, 'learning_rate': 0.01, 'max_depth': 5, 'n_estimators': 100, 'subsample': 0.5}",-0.229910200806814,-0.22450218754037318,-0.22481683058266042,-0.2333893299653871,-0.22291941313350322,-0.2271075924057476,0.003921515280526181,203
5.5210448741912845,0.17699509428721552,0.06759672164916992,0.009513839217010782,0.5,0.01,5,100,0.7,"{'colsample_bytree': 0.5, 'learning_rate': 0.01, 'max_depth': 5, 'n_estimators': 100, 'subsample': 0.7}",-0.22953141583397607,-0.224381790420131,-0.22447016805028439,-0.23312553394792376,-0.22268260102919388,-0.22683830185630183,0.0038908740867401887,201
5.354739427566528,0.17633786195333606,0.07957348823547364,0.008750644631992405,0.5,0.01,5,100,1.0,"{'colsample_bytree': 0.5, 'learning_rate': 0.01, 'max_depth': 5, 'n_estimators': 100, 'subsample': 1.0}",-0.22926150101237636,-0.2241328855144961,-0.2242757494948829,-0.23287574900943686,-0.2224626342875054,-0.2266017038637395,0.0038749242079456504,199
12.018719673156738,0.22225585567212297,0.11983261108398438,0.015717023104624122,0.5,0.01,5,200,0.5,"{'colsample_bytree': 0.5, 'learning_rate': 0.01, 'max_depth': 5, 'n_estimators': 200, 'subsample': 0.5}",-0.15479107148813084,-0.15275498611127045,-0.14759734070577907,-0.1627684433294608,-0.14455840938022113,-0.15249405020297246,0.006290623301676269,173
11.562394142150879,0.3148333235566911,0.11731648445129395,0.012548747961787513,0.5,0.01,5,200,0.7,"{'colsample_bytree': 0.5, 'learning_rate': 0.01, 'max_depth': 5, 'n_estimators': 200, 'subsample': 0.7}",-0.15451619113210557,-0.15254310737783608,-0.14745070743725405,-0.16261311499780015,-0.14441405765264953,-0.1523074357195291,0.00627748984713231,171
10.507801008224487,0.12523335962267193,0.15194015502929686,0.062186682693349454,0.5,0.01,5,200,1.0,"{'colsample_bytree': 0.5, 'learning_rate': 0.01, 'max_depth': 5, 'n_estimators': 200, 'subsample': 1.0}",-0.15440568446253294,-0.15229923378774482,-0.14742011373192684,-0.1624103237112,-0.144202519788749,-0.15214757509643073,0.006259694276765868,169
3.059147024154663,0.06903260190637193,0.0540259838104248,0.0037614195386700667,0.5,0.01,7,50,0.5,"{'colsample_bytree': 0.5, 'learning_rate': 0.01, 'max_depth': 7, 'n_estimators': 50, 'subsample': 0.5}",-0.33232214194766757,-0.3225477643203857,-0.32784469374910574,-0.33202162497850757,-0.32743434710013697,-0.32843411441916065,0.003577235216747067,231
2.8413068771362306,0.14840879423684583,0.06291055679321289,0.009276360959010972,0.5,0.01,7,50,0.7,"{'colsample_bytree': 0.5, 'learning_rate': 0.01, 'max_depth': 7, 'n_estimators': 50, 'subsample': 0.7}",-0.33172517888049097,-0.3223816110833879,-0.3275586602418859,-0.3316892833741399,-0.32721005694296795,-0.32811295810457447,0.003458585163709877,228
2.65814151763916,0.060345136116289846,0.057755470275878906,0.005670023126686142,0.5,0.01,7,50,1.0,"{'colsample_bytree': 0.5, 'learning_rate': 0.01, 'max_depth': 7, 'n_estimators': 50, 'subsample': 1.0}",-0.3314685078513399,-0.32218696557720794,-0.32750595209046734,-0.3313783087803671,-0.3269602020923991,-0.3278999872783563,0.0034208226038188357,226
6.104019451141357,0.13839202504896175,0.0716926097869873,0.005844300596475817,0.5,0.01,7,100,0.5,"{'colsample_bytree': 0.5, 'learning_rate': 0.01, 'max_depth': 7, 'n_estimators': 100, 'subsample': 0.5}",-0.2299512416232978,-0.22456226092122958,-0.2248022815604278,-0.23341127253009827,-0.2230024484830635,-0.22714590102362342,0.003910518209065592,204
5.912947177886963,0.42895887288972756,0.0749974250793457,0.009368001276189317,0.5,0.01,7,100,0.7,"{'colsample_bytree': 0.5, 'learning_rate': 0.01, 'max_depth': 7, 'n_estimators': 100, 'subsample': 0.7}",-0.2295268068731988,-0.2244299271926286,-0.22444957652354885,-0.2330918489064478,-0.22272048645666512,-0.22684372919049783,0.003867749825310092,202
5.381626129150391,0.24906533676592968,0.0769801139831543,0.00632974797750737,0.5,0.01,7,100,1.0,"{'colsample_bytree': 0.5, 'learning_rate': 0.01, 'max_depth': 7, 'n_estimators': 100, 'subsample': 1.0}",-0.22926499171528256,-0.22417579722137845,-0.22427699460883446,-0.23282301092428548,-0.2225171423431412,-0.2266115873625844,0.0038410991728117035,200
10.535026168823242,0.15241215316504958,0.13528904914855958,0.0061021775581992675,0.5,0.01,7,200,0.5,"{'colsample_bytree': 0.5, 'learning_rate': 0.01, 'max_depth': 7, 'n_estimators': 200, 'subsample': 0.5}",-0.15499109677028508,-0.1528674649889444,-0.147644327859165,-0.16290898078090213,-0.14477327812203775,-0.15263702970426687,0.006290840512262552,174
11.138857507705689,0.5742147487720972,0.13632898330688475,0.006980285760193915,0.5,0.01,7,200,0.7,"{'colsample_bytree': 0.5, 'learning_rate': 0.01, 'max_depth': 7, 'n_estimators': 200, 'subsample': 0.7}",-0.15461571757854695,-0.15270456193005147,-0.14746542881007718,-0.16262566880171897,-0.1445072711855144,-0.1523837296611818,0.00626434836431322,172
11.243742656707763,0.1713942465406964,0.1409276008605957,0.01158131889512259,0.5,0.01,7,200,1.0,"{'colsample_bytree': 0.5, 'learning_rate': 0.01, 'max_depth': 7, 'n_estimators': 200, 'subsample': 1.0}",-0.15448455044457846,-0.15240742986838482,-0.14744346978507322,-0.16244333404980124,-0.14433203229789815,-0.15222216328914717,0.006240434756166262,170
3.031903791427612,0.2808054377561869,0.05995173454284668,0.006089363937117869,0.5,0.1,3,50,0.5,"{'colsample_bytree': 0.5, 'learning_rate': 0.1, 'max_depth': 3, 'n_estimators': 50, 'subsample': 0.5}",-0.1306464715446979,-0.12946274734720964,-0.12003721731633929,-0.1437472998473588,-0.11620375916379623,-0.12801949904388038,0.009588286591364046,3
3.1048409938812256,0.10761489077268843,0.060429954528808595,0.007826634510986521,0.5,0.1,3,50,0.7,"{'colsample_bytree': 0.5, 'learning_rate': 0.1, 'max_depth': 3, 'n_estimators': 50, 'subsample': 0.7}",-0.13064239207291575,-0.1294111585165473,-0.12016513405295924,-0.1436601631246744,-0.11665079690966806,-0.12810592893535294,0.009427064694953751,6
2.7428681373596193,0.16590803032450072,0.05835127830505371,0.005894873746309054,0.5,0.1,3,50,1.0,"{'colsample_bytree': 0.5, 'learning_rate': 0.1, 'max_depth': 3, 'n_estimators': 50, 'subsample': 1.0}",-0.13099614431732615,-0.12887357338651384,-0.1203173386209988,-0.14354051677133303,-0.11660900006372012,-0.12806731463197837,0.009380865438394127,5
5.639482641220093,0.2400452300607061,0.06524648666381835,0.009073450610644908,0.5,0.1,3,100,0.5,"{'colsample_bytree': 0.5, 'learning_rate': 0.1, 'max_depth': 3, 'n_estimators': 100, 'subsample': 0.5}",-0.1311381360608534,-0.12817320711859032,-0.11978371035657397,-0.1447586681498565,-0.11583304649958004,-0.12793735363709086,0.010062339757248273,1
5.550351142883301,0.19520870204629615,0.06709914207458496,0.008716720275563597,0.5,0.1,3,100,0.7,"{'colsample_bytree': 0.5, 'learning_rate': 0.1, 'max_depth': 3, 'n_estimators': 100, 'subsample': 0.7}",-0.13143377088869895,-0.12795639317616028,-0.12034847311361803,-0.145320369997461,-0.11589801083807971,-0.1281914036028036,0.010164730489221448,10
5.131250524520874,0.036414226815013793,0.0707944393157959,0.011566836169316044,0.5,0.1,3,100,1.0,"{'colsample_bytree': 0.5, 'learning_rate': 0.1, 'max_depth': 3, 'n_estimators': 100, 'subsample': 1.0}",-0.1317156255094115,-0.12841471121424114,-0.12026154061494226,-0.14425221039479874,-0.11638271991539094,-0.1282053615297569,0.009723644218739525,11
10.867218112945556,0.2680214138592257,0.10385279655456543,0.03380495891573593,0.5,0.1,3,200,0.5,"{'colsample_bytree': 0.5, 'learning_rate': 0.1, 'max_depth': 3, 'n_estimators': 200, 'subsample': 0.5}",-0.13308326571381085,-0.12863074528775467,-0.12187460281012902,-0.1457949064842207,-0.11613043045988719,-0.1291027901511605,0.010151084355192401,46
10.933351850509643,0.11491876721249082,0.09065861701965332,0.013821305874905983,0.5,0.1,3,200,0.7,"{'colsample_bytree': 0.5, 'learning_rate': 0.1, 'max_depth': 3, 'n_estimators': 200, 'subsample': 0.7}",-0.13286076332826735,-0.12862048038604604,-0.1220913687530262,-0.14673046060057404,-0.11661599115295153,-0.12938381284417302,0.010293445108965751,60
10.443428134918213,0.1789229239800698,0.0885542392730713,0.00829901719320312,0.5,0.1,3,200,1.0,"{'colsample_bytree': 0.5, 'learning_rate': 0.1, 'max_depth': 3, 'n_estimators': 200, 'subsample': 1.0}",-0.13286354641783935,-0.12868066306651718,-0.12189012035988879,-0.14564487754558186,-0.11652418662986606,-0.12912067880393865,0.009982027914026097,48
3.2291096687316894,0.0996027414654214,0.07639408111572266,0.020956359886806015,0.5,0.1,5,50,0.5,"{'colsample_bytree': 0.5, 'learning_rate': 0.1, 'max_depth': 5, 'n_estimators': 50, 'subsample': 0.5}",-0.13142406854401523,-0.12868425543578507,-0.12086051976273113,-0.14397339643072596,-0.11586743757210219,-0.1281619355490719,0.009647610874652532,9
3.1099104404449465,0.13366204071646481,0.05854573249816895,0.002731177534080822,0.5,0.1,5,50,0.7,"{'colsample_bytree': 0.5, 'learning_rate': 0.1, 'max_depth': 5, 'n_estimators': 50, 'subsample': 0.7}",-0.13134791024103165,-0.12974496182182324,-0.12083618029307829,-0.14387236105803014,-0.11583310379657326,-0.12832690344210734,0.009643698325995364,17
3.183394956588745,0.35298266446747034,0.06077570915222168,0.007662908816664442,0.5,0.1,5,50,1.0,"{'colsample_bytree': 0.5, 'learning_rate': 0.1, 'max_depth': 5, 'n_estimators': 50, 'subsample': 1.0}",-0.1313645556527123,-0.12871487014355013,-0.12100995947380956,-0.1441921721821678,-0.1159504155735984,-0.12824639460516765,0.009672303902781301,15
5.478025627136231,0.2553196053888286,0.07859587669372559,0.00909734831686238,0.5,0.1,5,100,0.5,"{'colsample_bytree': 0.5, 'learning_rate': 0.1, 'max_depth': 5, 'n_estimators': 100, 'subsample': 0.5}",-0.1335746556448847,-0.12831749331389983,-0.12058972886095232,-0.14627431699111423,-0.11709354733787561,-0.12916994842974533,0.010316464321066473,52
5.391952848434448,0.23746383410616492,0.08016409873962402,0.009133641245296656,0.5,0.1,5,100,0.7,"{'colsample_bytree': 0.5, 'learning_rate': 0.1, 'max_depth': 5, 'n_estimators': 100, 'subsample': 0.7}",-0.1342354820641516,-0.12996160799990664,-0.12092938826439359,-0.14608902748089905,-0.11639330760027929,-0.12952176268192603,0.010421824295192193,64
5.35772066116333,0.26011201917259336,0.08364453315734863,0.009733649066555761,0.5,0.1,5,100,1.0,"{'colsample_bytree': 0.5, 'learning_rate': 0.1, 'max_depth': 5, 'n_estimators': 100, 'subsample': 1.0}",-0.1332205097380428,-0.12933971571257594,-0.12197250269645375,-0.1471737286243918,-0.11596016179795285,-0.12953332371388343,0.01064155485909168,66
8.353627920150757,0.749772091137188,0.07053079605102539,0.01207812647125976,0.5,0.1,5,200,0.5,"{'colsample_bytree': 0.5, 'learning_rate': 0.1, 'max_depth': 5, 'n_estimators': 200, 'subsample': 0.5}",-0.1374005578321063,-0.13183877788623966,-0.12472877340357966,-0.15099099484357784,-0.12063311234917211,-0.1331184432629351,0.010636467430850335,116
6.830205297470092,0.9519029322998105,0.07669034004211425,0.03862595241649562,0.5,0.1,5,200,0.7,"{'colsample_bytree': 0.5, 'learning_rate': 0.1, 'max_depth': 5, 'n_estimators': 200, 'subsample': 0.7}",-0.13778564224536838,-0.1332224095075765,-0.12521378042651446,-0.15042129518149785,-0.1191623865784989,-0.1331611027878912,0.010755727343129339,117
5.050239849090576,0.18157940158954447,0.053451013565063474,0.010836334685372373,0.5,0.1,5,200,1.0,"{'colsample_bytree': 0.5, 'learning_rate': 0.1, 'max_depth': 5, 'n_estimators': 200, 'subsample': 1.0}",-0.13623621493181864,-0.13217194156020437,-0.1254599055628763,-0.15168758392769924,-0.1193622948299172,-0.13298358816250316,0.010983835765380345,115
1.3911320209503173,0.07872847230791094,0.02696857452392578,0.004146091927318736,0.5,0.1,7,50,0.5,"{'colsample_bytree': 0.5, 'learning_rate': 0.1, 'max_depth': 7, 'n_estimators': 50, 'subsample': 0.5}",-0.13133830017453094,-0.12846362215860996,-0.12113117982663167,-0.14438375201551165,-0.11667698084681105,-0.12839876700441905,0.009532920867871487,18
1.3675957202911377,0.07020030980721914,0.04173388481140137,0.01635608515119372,0.5,0.1,7,50,0.7,"{'colsample_bytree': 0.5, 'learning_rate': 0.1, 'max_depth': 7, 'n_estimators': 50, 'subsample': 0.7}",-0.1321361140999781,-0.1302970001207896,-0.12066071526067326,-0.1447410996292882,-0.11587305450558044,-0.1287415967232619,0.010008258042341548,34
1.30636625289917,0.01972676631785515,0.03102850914001465,0.004337475688822651,0.5,0.1,7,50,1.0,"{'colsample_bytree': 0.5, 'learning_rate': 0.1, 'max_depth': 7, 'n_estimators': 50, 'subsample': 1.0}",-0.1318698379745719,-0.12914993622869703,-0.1212069088379647,-0.14496937386097558,-0.1165372697020968,-0.12874666532086118,0.009787853456446683,35
2.6794461250305175,0.06756522886958419,0.04263296127319336,0.005686292337614048,0.5,0.1,7,100,0.5,"{'colsample_bytree': 0.5, 'learning_rate': 0.1, 'max_depth': 7, 'n_estimators': 100, 'subsample': 0.5}",-0.13511865177728094,-0.13012190018397374,-0.12140277321638654,-0.14748286947922937,-0.11842527634595554,-0.13051029420056523,0.010377386145657377,93
2.53629093170166,0.10128543478934177,0.05048203468322754,0.012448690652916585,0.5,0.1,7,100,0.7,"{'colsample_bytree': 0.5, 'learning_rate': 0.1, 'max_depth': 7, 'n_estimators': 100, 'subsample': 0.7}",-0.1362025151832831,-0.13211954121133992,-0.12192804574621768,-0.14832874778783303,-0.11790611938694177,-0.1312969938631231,0.010788086701251386,102
2.5151852130889893,0.1560067119943771,0.0549863338470459,0.004716889685163416,0.5,0.1,7,100,1.0,"{'colsample_bytree': 0.5, 'learning_rate': 0.1, 'max_depth': 7, 'n_estimators': 100, 'subsample': 1.0}",-0.1353800262147617,-0.13094432602519332,-0.12347466435310873,-0.14922886917317874,-0.11787169870140793,-0.13137991689353007,0.010767921692892972,104
6.52045693397522,0.03899760045140809,0.09406118392944336,0.012097228642524986,0.5,0.1,7,200,0.5,"{'colsample_bytree': 0.5, 'learning_rate': 0.1, 'max_depth': 7, 'n_estimators': 200, 'subsample': 0.5}",-0.14038342559729627,-0.13675513286029342,-0.12663916532267377,-0.15498600979412291,-0.12311954174939015,-0.13637665506475533,0.011252335747916216,133
6.322257852554321,0.11961846921923067,0.09257678985595703,0.010249933595215761,0.5,0.1,7,200,0.7,"{'colsample_bytree': 0.5, 'learning_rate': 0.1, 'max_depth': 7, 'n_estimators': 200, 'subsample': 0.7}",-0.14320705703572045,-0.1377715791405928,-0.12832220725537963,-0.15533549929133078,-0.12305558057275764,-0.13753838465915627,0.011345616383014562,140
5.991675329208374,0.15389537982645005,0.09805998802185059,0.02012285913719367,0.5,0.1,7,200,1.0,"{'colsample_bytree': 0.5, 'learning_rate': 0.1, 'max_depth': 7, 'n_estimators': 200, 'subsample': 1.0}",-0.14183996916331557,-0.13729712899899865,-0.12843957386494534,-0.1556182947914043,-0.1234680632781311,-0.13733260601935898,0.011189240915462901,139
1.5411465167999268,0.038189273936578554,0.03636460304260254,0.00877193093837386,0.5,0.2,3,50,0.5,"{'colsample_bytree': 0.5, 'learning_rate': 0.2, 'max_depth': 3, 'n_estimators': 50, 'subsample': 0.5}",-0.13180944789169016,-0.12820950820644403,-0.12274428532431352,-0.1449477331762075,-0.1157096784539493,-0.12868413061052092,0.009778709666784055,30
1.5848300457000732,0.029582017807523515,0.03097224235534668,0.004574682206134379,0.5,0.2,3,50,0.7,"{'colsample_bytree': 0.5, 'learning_rate': 0.2, 'max_depth': 3, 'n_estimators': 50, 'subsample': 0.7}",-0.13158166801759746,-0.1283576485852529,-0.11983533205096367,-0.14551408555583042,-0.11545397140610561,-0.12814854112315002,0.010427403943707803,8
1.4600825309753418,0.03135784165061942,0.02979440689086914,0.005000787839157377,0.5,0.2,3,50,1.0,"{'colsample_bytree': 0.5, 'learning_rate': 0.2, 'max_depth': 3, 'n_estimators': 50, 'subsample': 1.0}",-0.13137669834270793,-0.12836239140352557,-0.12074510100920059,-0.1448948085235304,-0.11594204288239496,-0.12826420843227188,0.009946324275952777,16
2.8659794330596924,0.03351413826036246,0.03657145500183105,0.007501453924193341,0.5,0.2,3,100,0.5,"{'colsample_bytree': 0.5, 'learning_rate': 0.2, 'max_depth': 3, 'n_estimators': 100, 'subsample': 0.5}",-0.1341383865410521,-0.12839431390044617,-0.12378364037190574,-0.14642526871335218,-0.11772991338964842,-0.13009430458328092,0.00978414645228165,79
2.8365205764770507,0.04821923035898309,0.03557863235473633,0.003078814000851774,0.5,0.2,3,100,0.7,"{'colsample_bytree': 0.5, 'learning_rate': 0.2, 'max_depth': 3, 'n_estimators': 100, 'subsample': 0.7}",-0.1332362413754064,-0.12847938493013483,-0.12081738557074705,-0.14752981077007835,-0.11659516619592457,-0.12933159776845823,0.010787548038557289,58
2.665030097961426,0.04491585459188493,0.0358314037322998,0.00448370611820589,0.5,0.2,3,100,1.0,"{'colsample_bytree': 0.5, 'learning_rate': 0.2, 'max_depth': 3, 'n_estimators': 100, 'subsample': 1.0}",-0.13288907308847664,-0.1293975560353588,-0.1221847405952946,-0.14542342435509703,-0.11641803816127176,-0.12926256644709977,0.009893640650491444,54
6.13436107635498,0.12023261588021338,0.052714300155639646,0.005724271026540077,0.5,0.2,3,200,0.5,"{'colsample_bytree': 0.5, 'learning_rate': 0.2, 'max_depth': 3, 'n_estimators': 200, 'subsample': 0.5}",-0.13678353666234003,-0.1311350205856956,-0.12563788926387967,-0.14902836106782616,-0.11887165274158444,-0.13229129206426515,0.010256716750169762,111
6.433668708801269,0.2331690137618818,0.04754490852355957,0.001345988023730006,0.5,0.2,3,200,0.7,"{'colsample_bytree': 0.5, 'learning_rate': 0.2, 'max_depth': 3, 'n_estimators': 200, 'subsample': 0.7}",-0.13606243066533402,-0.13027216530834007,-0.12443422713376376,-0.14897675580574476,-0.1177407702066718,-0.1314972698239709,0.010648961062312156,106
5.9927812099456785,0.11721443358092692,0.047139978408813475,0.004529284163338253,0.5,0.2,3,200,1.0,"{'colsample_bytree': 0.5, 'learning_rate': 0.2, 'max_depth': 3, 'n_estimators': 200, 'subsample': 1.0}",-0.13517368265426752,-0.13096278596511152,-0.12475486014424876,-0.1472597362199041,-0.11812124033433774,-0.1312544610635739,0.009862459164966851,101
1.8308783531188966,0.10746624299570758,0.0389434814453125,0.006764257033763735,0.5,0.2,5,50,0.5,"{'colsample_bytree': 0.5, 'learning_rate': 0.2, 'max_depth': 5, 'n_estimators': 50, 'subsample': 0.5}",-0.1341520863070893,-0.12938403798281117,-0.12331839305713699,-0.1467554713793226,-0.1180629513621086,-0.13033458801769376,0.00984827199934908,86
2.2065317630767822,0.10443592430176711,0.041451454162597656,0.016318337522718954,0.5,0.2,5,50,0.7,"{'colsample_bytree': 0.5, 'learning_rate': 0.2, 'max_depth': 5, 'n_estimators': 50, 'subsample': 0.7}",-0.13402391464962088,-0.12931473928155968,-0.12320180031766476,-0.1472163675289605,-0.11592089638766648,-0.12993554363309445,0.010559173136031712,77
2.1160308361053466,0.12946184222264517,0.030431556701660156,0.004885994170756277,0.5,0.2,5,50,1.0,"{'colsample_bytree': 0.5, 'learning_rate': 0.2, 'max_depth': 5, 'n_estimators': 50, 'subsample': 1.0}",-0.1337579052377022,-0.12958955643588,-0.12195792227471146,-0.14714645116642697,-0.11778035495703218,-0.13004643801435056,0.010220323477927378,78
3.631912851333618,0.056165056661613574,0.08464431762695312,0.05436702462964042,0.5,0.2,5,100,0.5,"{'colsample_bytree': 0.5, 'learning_rate': 0.2, 'max_depth': 5, 'n_estimators': 100, 'subsample': 0.5}",-0.13813591340941395,-0.1324289737699373,-0.12495145734237467,-0.1505269328316138,-0.12249673499150104,-0.13370800246896813,0.010064674155265711,123
3.6614620685577393,0.16465389463578015,0.04713373184204102,0.0034010413347358446,0.5,0.2,5,100,0.7,"{'colsample_bytree': 0.5, 'learning_rate': 0.2, 'max_depth': 5, 'n_estimators': 100, 'subsample': 0.7}",-0.1380342360119454,-0.13324639932488072,-0.12669403379902894,-0.15041172422716528,-0.11955939425506718,-0.1335891575236175,0.010461853994340192,121
3.7503443241119383,0.05286007399416863,0.043281936645507814,0.0044228829682127005,0.5,0.2,5,100,1.0,"{'colsample_bytree': 0.5, 'learning_rate': 0.2, 'max_depth': 5, 'n_estimators': 100, 'subsample': 1.0}",-0.13744554456887295,-0.13246871023544246,-0.12452570196223149,-0.15135850824316913,-0.12131402099083323,-0.13342249720010985,0.010626036640793014,119
7.142524528503418,0.22040215053600493,0.09948496818542481,0.0514923713032791,0.5,0.2,5,200,0.5,"{'colsample_bytree': 0.5, 'learning_rate': 0.2, 'max_depth': 5, 'n_estimators': 200, 'subsample': 0.5}",-0.14324828363559558,-0.14071878588272493,-0.1286177079325326,-0.159067047456668,-0.12949160304153218,-0.14022868558981066,0.011084600058533858,145
7.191463041305542,0.25451150396309674,0.06562604904174804,0.010265152939769987,0.5,0.2,5,200,0.7,"{'colsample_bytree': 0.5, 'learning_rate': 0.2, 'max_depth': 5, 'n_estimators': 200, 'subsample': 0.7}",-0.1450602837636229,-0.14053054093962156,-0.13324761670531776,-0.15983540989495623,-0.12724304454629215,-0.1411833791699621,0.011141490855936801,147
6.390604019165039,0.2510942253952275,0.06439094543457032,0.009699060662264052,0.5,0.2,5,200,1.0,"{'colsample_bytree': 0.5, 'learning_rate': 0.2, 'max_depth': 5, 'n_estimators': 200, 'subsample': 1.0}",-0.14535198576882155,-0.14027528222577915,-0.13028915734709626,-0.15826350847879164,-0.12713493550639912,-0.14026297386537753,0.011151142068084319,146
1.9637393951416016,0.18557816989914835,0.04021010398864746,0.0053508309075485745,0.5,0.2,7,50,0.5,"{'colsample_bytree': 0.5, 'learning_rate': 0.2, 'max_depth': 7, 'n_estimators': 50, 'subsample': 0.5}",-0.13492255193758676,-0.13038199391975747,-0.1253596713690337,-0.1493359240509749,-0.1190040559509346,-0.13180083944565749,0.010241911126605257,108
1.7637761116027832,0.1094948663896208,0.043639183044433594,0.003920967564152165,0.5,0.2,7,50,0.7,"{'colsample_bytree': 0.5, 'learning_rate': 0.2, 'max_depth': 7, 'n_estimators': 50, 'subsample': 0.7}",-0.13711796265158313,-0.132885303003114,-0.12545346598550633,-0.15017326695551414,-0.11914885427860882,-0.13295577057486527,0.010589490091058838,114
1.6691494941711427,0.0933449221418305,0.04988856315612793,0.015982913600216492,0.5,0.2,7,50,1.0,"{'colsample_bytree': 0.5, 'learning_rate': 0.2, 'max_depth': 7, 'n_estimators': 50, 'subsample': 1.0}",-0.1373532017923454,-0.13171059002771235,-0.1243933151679675,-0.1501039218407911,-0.11957707023950963,-0.1326276198136652,0.010646255852594636,112
3.718385028839111,0.125905967695302,0.06406145095825196,0.009935152914171397,0.5,0.2,7,100,0.5,"{'colsample_bytree': 0.5, 'learning_rate': 0.2, 'max_depth': 7, 'n_estimators': 100, 'subsample': 0.5}",-0.14159068089127222,-0.13832613283569295,-0.12859622322155237,-0.15626630701068622,-0.12418598142230539,-0.13779306507630185,0.01118661110746809,141
3.6807827949523926,0.17179817756008553,0.0637739658355713,0.005314188909417008,0.5,0.2,7,100,0.7,"{'colsample_bytree': 0.5, 'learning_rate': 0.2, 'max_depth': 7, 'n_estimators': 100, 'subsample': 0.7}",-0.14502754836082182,-0.1407605358936835,-0.12953202009426434,-0.15681473409539093,-0.12451260443693622,-0.13932948857621935,0.011452336328027368,144
3.4076476097106934,0.2173343349016646,0.0559844970703125,0.008722775867282444,0.5,0.2,7,100,1.0,"{'colsample_bytree': 0.5, 'learning_rate': 0.2, 'max_depth': 7, 'n_estimators': 100, 'subsample': 1.0}",-0.14415141761383526,-0.1384736301288991,-0.12935722007609676,-0.15751093524180407,-0.1255152906089868,-0.13900169873392437,0.01135155909813295,143
6.513826036453247,0.24461965043930498,0.0939220905303955,0.004173535622068878,0.5,0.2,7,200,0.5,"{'colsample_bytree': 0.5, 'learning_rate': 0.2, 'max_depth': 7, 'n_estimators': 200, 'subsample': 0.5}",-0.15208998453145978,-0.15255258324274232,-0.1376120696713353,-0.1696920868144537,-0.13595513260586836,-0.14958037137317187,0.012235200665989713,157
6.319179201126099,0.08742956047171023,0.09264707565307617,0.00925947873098646,0.5,0.2,7,200,0.7,"{'colsample_bytree': 0.5, 'learning_rate': 0.2, 'max_depth': 7, 'n_estimators': 200, 'subsample': 0.7}",-0.1563941412872446,-0.1528057000761037,-0.14074096415082643,-0.17172372763508695,-0.13648065907267545,-0.15162903844438744,0.01245721341858433,164
6.09116415977478,0.17251578453311317,0.0773442268371582,0.0038856137313219474,0.5,0.2,7,200,1.0,"{'colsample_bytree': 0.5, 'learning_rate': 0.2, 'max_depth': 7, 'n_estimators': 200, 'subsample': 1.0}",-0.1534160567906776,-0.15160321343798136,-0.139511042267448,-0.17143447438480836,-0.13734280959567619,-0.1506615192953183,0.012179582044011535,158
1.5547382831573486,0.11406970461490909,0.028931570053100587,0.0036491794094739693,0.7,0.01,3,50,0.5,"{'colsample_bytree': 0.7, 'learning_rate': 0.01, 'max_depth': 3, 'n_estimators': 50, 'subsample': 0.5}",-0.33131512801905916,-0.3222606392818676,-0.32738676471297234,-0.33158414141632214,-0.3267884275895168,-0.32786702020394765,0.0034214602736287116,225
1.6757090091705322,0.09652332981816716,0.027294492721557616,0.002949318540080709,0.7,0.01,3,50,0.7,"{'colsample_bytree': 0.7, 'learning_rate': 0.01, 'max_depth': 3, 'n_estimators': 50, 'subsample': 0.7}",-0.33113603743479825,-0.32222693611329345,-0.32732476230883384,-0.33130772562083444,-0.32665355421019293,-0.3277298031375906,0.0033468754592113816,224
1.5410677433013915,0.14503596601375984,0.029089069366455077,0.006218015963761925,0.7,0.01,3,50,1.0,"{'colsample_bytree': 0.7, 'learning_rate': 0.01, 'max_depth': 3, 'n_estimators': 50, 'subsample': 1.0}",-0.3308121552886931,-0.3220974983779932,-0.32719270110867005,-0.3311469063014464,-0.3266627472738264,-0.3275824016701258,0.0032929863821046608,221
3.1479936599731446,0.05700572983714601,0.036438274383544925,0.014073401408297983,0.7,0.01,3,100,0.5,"{'colsample_bytree': 0.7, 'learning_rate': 0.01, 'max_depth': 3, 'n_estimators': 100, 'subsample': 0.5}",-0.22883650737927874,-0.22410293398315312,-0.22414066049276954,-0.23276982631771256,-0.22221880425535911,-0.2264137464856546,0.003856781970696615,198
3.115278959274292,0.10852099508534843,0.03515539169311523,0.01033595797599807,0.7,0.01,3,100,0.7,"{'colsample_bytree': 0.7, 'learning_rate': 0.01, 'max_depth': 3, 'n_estimators': 100, 'subsample': 0.7}",-0.22867202095892106,-0.2241152593712372,-0.22405740076890562,-0.2326669618861489,-0.22200905167887158,-0.22630413893281687,0.0038569205814036702,197
2.974774694442749,0.15001950934806627,0.035985374450683595,0.007856362943190828,0.7,0.01,3,100,1.0,"{'colsample_bytree': 0.7, 'learning_rate': 0.01, 'max_depth': 3, 'n_estimators': 100, 'subsample': 1.0}",-0.22834148596417342,-0.22396903396130088,-0.22377830905658166,-0.2324982356546782,-0.22205047484684096,-0.22612750789671504,0.003802310204583021,194
6.1276732921600345,0.15342991106756587,0.048529958724975585,0.0039124124317226235,0.7,0.01,3,200,0.5,"{'colsample_bytree': 0.7, 'learning_rate': 0.01, 'max_depth': 3, 'n_estimators': 200, 'subsample': 0.5}",-0.15350373436277356,-0.15224675022586748,-0.14700805080675194,-0.16221012647494973,-0.1436215103044643,-0.1517180344349614,0.0063449177893657735,167
5.989970254898071,0.1018179898622055,0.04481863975524902,0.006149795041099047,0.7,0.01,3,200,0.7,"{'colsample_bytree': 0.7, 'learning_rate': 0.01, 'max_depth': 3, 'n_estimators': 200, 'subsample': 0.7}",-0.15336258958371218,-0.15228009170860574,-0.14706790767663638,-0.16223531377691083,-0.14371570325789462,-0.15173232120075195,0.0063133762338434575,168
5.2911295890808105,0.08661758778167929,0.04390063285827637,0.004655117955858634,0.7,0.01,3,200,1.0,"{'colsample_bytree': 0.7, 'learning_rate': 0.01, 'max_depth': 3, 'n_estimators': 200, 'subsample': 1.0}",-0.15330363370761782,-0.1520897748572967,-0.14688311476814747,-0.16224910100295975,-0.14391824633291142,-0.15168877413378662,0.006289110284451362,166
1.6483531951904298,0.12480905321582961,0.03471822738647461,0.002204658348546491,0.7,0.01,5,50,0.5,"{'colsample_bytree': 0.7, 'learning_rate': 0.01, 'max_depth': 5, 'n_estimators': 50, 'subsample': 0.5}",-0.3311249586992476,-0.3220553742604956,-0.3271311838732087,-0.3313933285531587,-0.3266329121932329,-0.32766755151586874,0.003426070089330962,222
1.522251272201538,0.02798159957736299,0.03766794204711914,0.005917073132692196,0.7,0.01,5,50,0.7,"{'colsample_bytree': 0.7, 'learning_rate': 0.01, 'max_depth': 5, 'n_estimators': 50, 'subsample': 0.7}",-0.3306656420385099,-0.32183873481924224,-0.32697618689403946,-0.331087407488251,-0.3263311315562045,-0.3273798205592494,0.0033618186616348553,219
1.5148458003997802,0.09298678432938108,0.03699374198913574,0.004803590987549072,0.7,0.01,5,50,1.0,"{'colsample_bytree': 0.7, 'learning_rate': 0.01, 'max_depth': 5, 'n_estimators': 50, 'subsample': 1.0}",-0.33043813242961906,-0.3215730358592602,-0.3266383758103652,-0.3308049871201498,-0.3261413678939544,-0.3271191798226697,0.003362963674213049,218
2.947637701034546,0.09366710726945628,0.04398899078369141,0.0023746903369944853,0.7,0.01,5,100,0.5,"{'colsample_bytree': 0.7, 'learning_rate': 0.01, 'max_depth': 5, 'n_estimators': 100, 'subsample': 0.5}",-0.22855780651626548,-0.22376503751387453,-0.22383500753470764,-0.2325895207181822,-0.22204822225424692,-0.22615911890745535,0.0038765025571368796,195
3.2042531967163086,0.18962977866056024,0.04538912773132324,0.010582921154554345,0.7,0.01,5,100,0.7,"{'colsample_bytree': 0.7, 'learning_rate': 0.01, 'max_depth': 5, 'n_estimators': 100, 'subsample': 0.7}",-0.22807810484072677,-0.22360274511142994,-0.22360609804500994,-0.2323127738046203,-0.22170859290183648,-0.2258616629407247,0.0038462376312587334,192
2.8935851097106933,0.11858948262247913,0.042211723327636716,0.005234653339062555,0.7,0.01,5,100,1.0,"{'colsample_bytree': 0.7, 'learning_rate': 0.01, 'max_depth': 5, 'n_estimators': 100, 'subsample': 1.0}",-0.2278846435801058,-0.22333829219210966,-0.22321970630638846,-0.23213068167572262,-0.2215662547119492,-0.22562791569325516,0.0038708584146950977,190
5.997918367385864,0.12342286102661312,0.06998414993286133,0.0031709960900322583,0.7,0.01,5,200,0.5,"{'colsample_bytree': 0.7, 'learning_rate': 0.01, 'max_depth': 5, 'n_estimators': 200, 'subsample': 0.5}",-0.1531917741412391,-0.1518948111398992,-0.14648993607638264,-0.1618641870624711,-0.14347352426009274,-0.15138284653601694,0.006322828128274294,161
5.89814977645874,0.08543907450027165,0.07206544876098633,0.0032083038083704145,0.7,0.01,5,200,0.7,"{'colsample_bytree': 0.7, 'learning_rate': 0.01, 'max_depth': 5, 'n_estimators': 200, 'subsample': 0.7}",-0.15292945103469693,-0.15162793806736216,-0.1463903982870126,-0.1618970398500389,-0.1432781314200711,-0.15122459173183633,0.0063794363401964375,160
5.620924997329712,0.10547630405718664,0.07011890411376953,0.003258214554435973,0.7,0.01,5,200,1.0,"{'colsample_bytree': 0.7, 'learning_rate': 0.01, 'max_depth': 5, 'n_estimators': 200, 'subsample': 1.0}",-0.1529163019572489,-0.15137819405824912,-0.14627784884787579,-0.1619594137522027,-0.14346572306877278,-0.15119949633686985,0.006368501239174395,159
1.627722978591919,0.14891880479972816,0.04511561393737793,0.01816106423392208,0.7,0.01,7,50,0.5,"{'colsample_bytree': 0.7, 'learning_rate': 0.01, 'max_depth': 7, 'n_estimators': 50, 'subsample': 0.5}",-0.33117991553006493,-0.32209275454426284,-0.3271355596915608,-0.33139495612879954,-0.32667640453083296,-0.3276959180851042,0.0034225713061138583,223
1.5852970123291015,0.06431415341060055,0.04118928909301758,0.004767675307460657,0.7,0.01,7,50,0.7,"{'colsample_bytree': 0.7, 'learning_rate': 0.01, 'max_depth': 7, 'n_estimators': 50, 'subsample': 0.7}",-0.33067356367748474,-0.3218620133902837,-0.3269533431531611,-0.3310832581790665,-0.3263477422924893,-0.3273839841384971,0.003354321741763896,220
1.4761210441589356,0.08713226553099045,0.034564876556396486,0.005250071637327364,0.7,0.01,7,50,1.0,"{'colsample_bytree': 0.7, 'learning_rate': 0.01, 'max_depth': 7, 'n_estimators': 50, 'subsample': 1.0}",-0.33040676203995206,-0.3216014067801204,-0.32658086610683573,-0.3308145211639768,-0.32617763338507155,-0.3271162378951913,0.0033492032452322375,217
3.0319684028625487,0.03965095596514335,0.04973206520080566,0.006042484191405109,0.7,0.01,7,100,0.5,"{'colsample_bytree': 0.7, 'learning_rate': 0.01, 'max_depth': 7, 'n_estimators': 100, 'subsample': 0.5}",-0.22868304882636234,-0.22388743981319045,-0.22390218619499158,-0.23263826122814688,-0.22217476716799617,-0.2262571406461375,0.003858258573519901,196
3.0729887962341307,0.15288142917512978,0.0507047176361084,0.002082414551757647,0.7,0.01,7,100,0.7,"{'colsample_bytree': 0.7, 'learning_rate': 0.01, 'max_depth': 7, 'n_estimators': 100, 'subsample': 0.7}",-0.22824058848954062,-0.22367996984756833,-0.22361970037977524,-0.23234713354322048,-0.2218125608299627,-0.22593999061801345,0.003843731217405853,193
2.865706205368042,0.04646698332738395,0.0514981746673584,0.0015029832418008708,0.7,0.01,7,100,1.0,"{'colsample_bytree': 0.7, 'learning_rate': 0.01, 'max_depth': 7, 'n_estimators': 100, 'subsample': 1.0}",-0.22794035409673385,-0.22339214874156016,-0.22322536655081107,-0.23219466470148148,-0.22175375295628372,-0.22570125740937405,0.003852861327039855,191
5.874445390701294,0.16561596115307028,0.08487501144409179,0.006526612548643866,0.7,0.01,7,200,0.5,"{'colsample_bytree': 0.7, 'learning_rate': 0.01, 'max_depth': 7, 'n_estimators': 200, 'subsample': 0.5}",-0.15355233982277164,-0.15223040861415216,-0.1466265041634261,-0.16220969437676352,-0.14378684504785946,-0.15168115840499458,0.006364318946780946,165
5.993983364105224,0.2048277194630824,0.08066673278808593,0.0036283936588327776,0.7,0.01,7,200,0.7,"{'colsample_bytree': 0.7, 'learning_rate': 0.01, 'max_depth': 7, 'n_estimators': 200, 'subsample': 0.7}",-0.15322134648039207,-0.151842115741175,-0.14646928783209903,-0.16209221726397158,-0.14359124453602512,-0.15144324237073256,0.006373625565028345,163
5.6248759746551515,0.11066971679168842,0.08519816398620605,0.00394614147827017,0.7,0.01,7,200,1.0,"{'colsample_bytree': 0.7, 'learning_rate': 0.01, 'max_depth': 7, 'n_estimators': 200, 'subsample': 1.0}",-0.15335254342514898,-0.15153708903193044,-0.1463687855525624,-0.1620376402914832,-0.1438620287168531,-0.15143161740359562,0.006310621867634859,162
1.4860323429107667,0.07079559350241198,0.0436805248260498,0.01859999143056817,0.7,0.1,3,50,0.5,"{'colsample_bytree': 0.7, 'learning_rate': 0.1, 'max_depth': 3, 'n_estimators': 50, 'subsample': 0.5}",-0.13038718668348545,-0.12973550938115613,-0.12013986316016924,-0.1440407076036642,-0.1157398154725835,-0.1280086164602117,0.009778634445262552,2
1.5400904655456542,0.051429950242811676,0.034049367904663085,0.004322213837896612,0.7,0.1,3,50,0.7,"{'colsample_bytree': 0.7, 'learning_rate': 0.1, 'max_depth': 3, 'n_estimators': 50, 'subsample': 0.7}",-0.1303027287534615,-0.12919492809861347,-0.12044656564763047,-0.14401671674584837,-0.11623882662295233,-0.12803995317370123,0.00957744450915484,4
1.3701721668243407,0.0954747169097393,0.038923454284667966,0.02225131065636985,0.7,0.1,3,50,1.0,"{'colsample_bytree': 0.7, 'learning_rate': 0.1, 'max_depth': 3, 'n_estimators': 50, 'subsample': 1.0}",-0.13000184237123058,-0.12917626163581727,-0.12101606724735021,-0.14410504860447204,-0.11633890916994728,-0.12812762580576348,0.009480912078237478,7
3.030008888244629,0.04160300633843701,0.03616113662719726,0.010066889341047807,0.7,0.1,3,100,0.5,"{'colsample_bytree': 0.7, 'learning_rate': 0.1, 'max_depth': 3, 'n_estimators': 100, 'subsample': 0.5}",-0.13136080674344308,-0.12914092119907208,-0.1198715287748443,-0.1456294888766521,-0.1162030900665743,-0.12844116713211715,0.010272892362372974,20
3.001397132873535,0.19218115549717385,0.037458372116088864,0.001608883277064236,0.7,0.1,3,100,0.7,"{'colsample_bytree': 0.7, 'learning_rate': 0.1, 'max_depth': 3, 'n_estimators': 100, 'subsample': 0.7}",-0.1314567094493535,-0.12791675327777735,-0.1211743664685881,-0.1461920186815696,-0.11664471606941733,-0.12867691278934118,0.010160177218651294,29
2.6850571632385254,0.2086677234300634,0.04315991401672363,0.006348697643625256,0.7,0.1,3,100,1.0,"{'colsample_bytree': 0.7, 'learning_rate': 0.1, 'max_depth': 3, 'n_estimators': 100, 'subsample': 1.0}",-0.1306226724279784,-0.12893929439244736,-0.121868975339815,-0.14527854072405602,-0.11646976109597974,-0.1286358487960553,0.009744978278922714,26
5.758501625061035,0.12504919862173589,0.04125676155090332,0.0037819060895173725,0.7,0.1,3,200,0.5,"{'colsample_bytree': 0.7, 'learning_rate': 0.1, 'max_depth': 3, 'n_estimators': 200, 'subsample': 0.5}",-0.1341498252760018,-0.13056785290372813,-0.12212852352607073,-0.14790641892792472,-0.11678697508608911,-0.13030791914396292,0.010716841361363097,85
5.917497158050537,0.13228545161661515,0.05154123306274414,0.0077022242661178375,0.7,0.1,3,200,0.7,"{'colsample_bytree': 0.7, 'learning_rate': 0.1, 'max_depth': 3, 'n_estimators': 200, 'subsample': 0.7}",-0.13388082526921052,-0.13059730151050242,-0.12325000944012024,-0.1480392461295967,-0.11677089885532858,-0.13050765624095167,0.010584090798441666,92
5.692287158966065,0.1554115650619136,0.055675840377807616,0.01752093021563591,0.7,0.1,3,200,1.0,"{'colsample_bytree': 0.7, 'learning_rate': 0.1, 'max_depth': 3, 'n_estimators': 200, 'subsample': 1.0}",-0.1334927022209074,-0.13005879302150952,-0.12365546716733726,-0.14765146481966557,-0.11656720251142623,-0.1302851259481692,0.010431330662052403,84
1.9483324050903321,0.14404969964224318,0.03673896789550781,0.009396224331214474,0.7,0.1,5,50,0.5,"{'colsample_bytree': 0.7, 'learning_rate': 0.1, 'max_depth': 5, 'n_estimators': 50, 'subsample': 0.5}",-0.13205397804959323,-0.1297078594284061,-0.12154627218781354,-0.1443376568288725,-0.1154708093649249,-0.12862331517192208,0.009828114408551473,25
1.795250368118286,0.14327408874181838,0.03392386436462402,0.01361828266528229,0.7,0.1,5,50,0.7,"{'colsample_bytree': 0.7, 'learning_rate': 0.1, 'max_depth': 5, 'n_estimators': 50, 'subsample': 0.7}",-0.1324274498601251,-0.12989748411975965,-0.12132112801448171,-0.14474712657615635,-0.11528016565216773,-0.1287346708445381,0.010073448440257461,32
1.5607683181762695,0.10458855044941041,0.035416603088378906,0.007973817801837191,0.7,0.1,5,50,1.0,"{'colsample_bytree': 0.7, 'learning_rate': 0.1, 'max_depth': 5, 'n_estimators': 50, 'subsample': 1.0}",-0.1322680168618214,-0.13036083754664451,-0.12182849451816868,-0.14564819974425167,-0.11625500292719643,-0.12927211031961655,0.010031845183150574,55
3.1032495498657227,0.12943789663902344,0.04442858695983887,0.005016396328496449,0.7,0.1,5,100,0.5,"{'colsample_bytree': 0.7, 'learning_rate': 0.1, 'max_depth': 5, 'n_estimators': 100, 'subsample': 0.5}",-0.13495757213159976,-0.13164552579586974,-0.12383118687534184,-0.1467479528896746,-0.118466199414443,-0.1311296874213858,0.009720916063250524,100
3.1607300281524657,0.15766644694717927,0.05112123489379883,0.011709675132750296,0.7,0.1,5,100,0.7,"{'colsample_bytree': 0.7, 'learning_rate': 0.1, 'max_depth': 5, 'n_estimators': 100, 'subsample': 0.7}",-0.1346892957001695,-0.13117098822269233,-0.12347567904224531,-0.1474749746404181,-0.11770739256732929,-0.1309036660345709,0.010181624096458583,98
2.895509433746338,0.10739776091388054,0.04615883827209473,0.006671443199892804,0.7,0.1,5,100,1.0,"{'colsample_bytree': 0.7, 'learning_rate': 0.1, 'max_depth': 5, 'n_estimators': 100, 'subsample': 1.0}",-0.13514792801315798,-0.13053404759292325,-0.12323619007971402,-0.14920215122061775,-0.11870644778138753,-0.1313653529375601,0.010578104596678945,103
6.183644866943359,0.1368063385628453,0.0663254737854004,0.0074135162989811465,0.7,0.1,5,200,0.5,"{'colsample_bytree': 0.7, 'learning_rate': 0.1, 'max_depth': 5, 'n_estimators': 200, 'subsample': 0.5}",-0.14105279412935304,-0.13479524690505246,-0.12727620242861973,-0.15410833739780874,-0.1236284216383286,-0.13617220049983253,0.010806538502323234,132
6.235307502746582,0.17523791460624036,0.07727413177490235,0.03806597435434667,0.7,0.1,5,200,0.7,"{'colsample_bytree': 0.7, 'learning_rate': 0.1, 'max_depth': 5, 'n_estimators': 200, 'subsample': 0.7}",-0.1411585470769541,-0.13649706809858692,-0.1288151547125876,-0.1536708626803182,-0.12347113208938376,-0.13672255293156613,0.010441275704985433,136
5.980157518386841,0.16566136175860618,0.06725740432739258,0.014760553329520762,0.7,0.1,5,200,1.0,"{'colsample_bytree': 0.7, 'learning_rate': 0.1, 'max_depth': 5, 'n_estimators': 200, 'subsample': 1.0}",-0.14030144071652664,-0.13688191662182897,-0.12658398252063266,-0.15597953184086452,-0.1242195280980348,-0.13679327995957752,0.011338044802162118,137
1.8319109439849854,0.21984876748038956,0.03595666885375977,0.008625245701106142,0.7,0.1,7,50,0.5,"{'colsample_bytree': 0.7, 'learning_rate': 0.1, 'max_depth': 7, 'n_estimators': 50, 'subsample': 0.5}",-0.13270438239885446,-0.1311041017133619,-0.12143676834856768,-0.14557805397466209,-0.11669134814540504,-0.1295029309161702,0.010004221634116042,63
1.8882859230041504,0.08977140927463131,0.0444122314453125,0.012363056884352127,0.7,0.1,7,50,0.7,"{'colsample_bytree': 0.7, 'learning_rate': 0.1, 'max_depth': 7, 'n_estimators': 50, 'subsample': 0.7}",-0.13484742731190683,-0.13076786137607904,-0.12165034261125293,-0.1459101248994751,-0.11624868767137664,-0.1298848887740181,0.01035343762478013,76
1.705066156387329,0.07095688353962752,0.03903398513793945,0.0037620665189920187,0.7,0.1,7,50,1.0,"{'colsample_bytree': 0.7, 'learning_rate': 0.1, 'max_depth': 7, 'n_estimators': 50, 'subsample': 1.0}",-0.13342132855009364,-0.13138368615442156,-0.12282862923012786,-0.14727727153225742,-0.11702168931784837,-0.13038652095694978,0.010307689388525415,88
3.450944519042969,0.08951551021050184,0.051781415939331055,0.003784694953200443,0.7,0.1,7,100,0.5,"{'colsample_bytree': 0.7, 'learning_rate': 0.1, 'max_depth': 7, 'n_estimators': 100, 'subsample': 0.5}",-0.13765584691811925,-0.1356691816947403,-0.12616323390145726,-0.1512827257752934,-0.12086179620053439,-0.13432655689802891,0.010472230892833473,126
3.403878593444824,0.19926913413707042,0.0641286849975586,0.019790236288785745,0.7,0.1,7,100,0.7,"{'colsample_bytree': 0.7, 'learning_rate': 0.1, 'max_depth': 7, 'n_estimators': 100, 'subsample': 0.7}",-0.13966573063123813,-0.13482665829356058,-0.12512951356041518,-0.15210660030556203,-0.12040404814682512,-0.13442651018752022,0.011164754577811877,127
3.152923917770386,0.11900927371935607,0.06984343528747558,0.021284790683248324,0.7,0.1,7,100,1.0,"{'colsample_bytree': 0.7, 'learning_rate': 0.1, 'max_depth': 7, 'n_estimators': 100, 'subsample': 1.0}",-0.1387510206578034,-0.1351338155563911,-0.1265817441390832,-0.1541820794424446,-0.1206672198382191,-0.13506317592678826,0.011474457697266816,129
6.231427145004273,0.13159157769603227,0.09428911209106446,0.006964086823115773,0.7,0.1,7,200,0.5,"{'colsample_bytree': 0.7, 'learning_rate': 0.1, 'max_depth': 7, 'n_estimators': 200, 'subsample': 0.5}",-0.14710451702709537,-0.14569221118950268,-0.13333692941241607,-0.16296459221270643,-0.12920730280746726,-0.14366111052983757,0.01186682852910985,148
6.40579137802124,0.1467708477619613,0.09249258041381836,0.009639915521602583,0.7,0.1,7,200,0.7,"{'colsample_bytree': 0.7, 'learning_rate': 0.1, 'max_depth': 7, 'n_estimators': 200, 'subsample': 0.7}",-0.1504609905286215,-0.1464416787290151,-0.13439107536011063,-0.1643887746386786,-0.1319943276238149,-0.14553536937604813,0.011731062451699074,150
6.0924540042877195,0.16140130012768228,0.10636639595031738,0.032929118463157714,0.7,0.1,7,200,1.0,"{'colsample_bytree': 0.7, 'learning_rate': 0.1, 'max_depth': 7, 'n_estimators': 200, 'subsample': 1.0}",-0.1477242774307193,-0.14340401083289406,-0.13588742561179876,-0.16461166185459788,-0.1302832068263689,-0.1443821165112758,0.011766904970363973,149
1.5888667583465577,0.13941246222480325,0.02803974151611328,0.003753960606532478,0.7,0.2,3,50,0.5,"{'colsample_bytree': 0.7, 'learning_rate': 0.2, 'max_depth': 3, 'n_estimators': 50, 'subsample': 0.5}",-0.1323574884602206,-0.12860285487434334,-0.12053238029313994,-0.1452394969226349,-0.11758923704813537,-0.12886429151969486,0.00976694142500234,42
1.4979690074920655,0.05840600696206678,0.02809762954711914,0.005092351163820564,0.7,0.2,3,50,0.7,"{'colsample_bytree': 0.7, 'learning_rate': 0.2, 'max_depth': 3, 'n_estimators': 50, 'subsample': 0.7}",-0.13198289520622586,-0.13051729371993015,-0.12088402973454862,-0.14531946440981644,-0.11541885444736563,-0.12882450750357735,0.010273142289067724,41
1.4145941734313965,0.06327260612271,0.027399444580078126,0.004440017021209372,0.7,0.2,3,50,1.0,"{'colsample_bytree': 0.7, 'learning_rate': 0.2, 'max_depth': 3, 'n_estimators': 50, 'subsample': 1.0}",-0.13239716874786506,-0.12923781133207837,-0.12131829902647458,-0.1459351134808028,-0.11686026982541478,-0.1291497324825271,0.010046540278280698,50
2.827436637878418,0.06744202215558891,0.03409280776977539,0.004362700740948785,0.7,0.2,3,100,0.5,"{'colsample_bytree': 0.7, 'learning_rate': 0.2, 'max_depth': 3, 'n_estimators': 100, 'subsample': 0.5}",-0.13390600983266207,-0.13048056465959873,-0.12207447377984437,-0.14670733071771136,-0.11744676666468289,-0.13012302913089988,0.010148346733512123,81
2.7931397914886475,0.06301311061031159,0.037005043029785155,0.005360845487965271,0.7,0.2,3,100,0.7,"{'colsample_bytree': 0.7, 'learning_rate': 0.2, 'max_depth': 3, 'n_estimators': 100, 'subsample': 0.7}",-0.1345442718632687,-0.13051913929332404,-0.12276422148516487,-0.1478779129393662,-0.11675338931960193,-0.13049178698014513,0.01065044221152634,91
2.657747745513916,0.05072459697881151,0.03641023635864258,0.004729752742012091,0.7,0.2,3,100,1.0,"{'colsample_bytree': 0.7, 'learning_rate': 0.2, 'max_depth': 3, 'n_estimators': 100, 'subsample': 1.0}",-0.1340293420496996,-0.13035574137907946,-0.1236588947784567,-0.14735504937165944,-0.11735501689520975,-0.130550808894821,0.010160198314334703,95
5.688213872909546,0.22754925218422395,0.0473996639251709,0.006257179077300267,0.7,0.2,3,200,0.5,"{'colsample_bytree': 0.7, 'learning_rate': 0.2, 'max_depth': 3, 'n_estimators': 200, 'subsample': 0.5}",-0.13816018278116793,-0.13303629380548046,-0.12552050455735514,-0.1500763337011354,-0.11996960156981876,-0.13335258328299154,0.01042441880122341,118
6.019145727157593,0.2689740368514165,0.04476985931396484,0.007564009517903421,0.7,0.2,3,200,0.7,"{'colsample_bytree': 0.7, 'learning_rate': 0.2, 'max_depth': 3, 'n_estimators': 200, 'subsample': 0.7}",-0.13770317656769643,-0.1349839522048126,-0.12618067137186423,-0.1511677595319044,-0.11903623285638565,-0.13381435850653264,0.010902270951327505,124
5.494054555892944,0.24927953812585432,0.04339499473571777,0.007054731552014823,0.7,0.2,3,200,1.0,"{'colsample_bytree': 0.7, 'learning_rate': 0.2, 'max_depth': 3, 'n_estimators': 200, 'subsample': 1.0}",-0.13823477668103631,-0.13396046523178395,-0.12594252438942705,-0.15038120113071757,-0.11947674982002725,-0.13359914345059842,0.010595498347508107,122
1.6170857906341554,0.053218966275574445,0.044324207305908206,0.01614955596758385,0.7,0.2,5,50,0.5,"{'colsample_bytree': 0.7, 'learning_rate': 0.2, 'max_depth': 5, 'n_estimators': 50, 'subsample': 0.5}",-0.13491064403215527,-0.134310875582639,-0.12392373602380875,-0.14744280098557574,-0.11680252966178144,-0.13147811725719202,0.010460587301183535,105
1.6603200435638428,0.09291623697823821,0.033099937438964847,0.005149596238044792,0.7,0.2,5,50,0.7,"{'colsample_bytree': 0.7, 'learning_rate': 0.2, 'max_depth': 5, 'n_estimators': 50, 'subsample': 0.7}",-0.13620150813485957,-0.13336976427196176,-0.12371424976880395,-0.14922043613540673,-0.11746504753935556,-0.1319942011700775,0.01091778986110717,109
1.4704023361206056,0.05714557802422339,0.03696455955505371,0.004014409723445048,0.7,0.2,5,50,1.0,"{'colsample_bytree': 0.7, 'learning_rate': 0.2, 'max_depth': 5, 'n_estimators': 50, 'subsample': 1.0}",-0.13393449587656708,-0.13173023049797852,-0.12333928287799846,-0.14847772932702116,-0.11784712270938659,-0.13106577225779037,0.010452546703594969,99
3.0650801181793215,0.09275112233818314,0.0511993408203125,0.00678226837752098,0.7,0.2,5,100,0.5,"{'colsample_bytree': 0.7, 'learning_rate': 0.2, 'max_depth': 5, 'n_estimators': 100, 'subsample': 0.5}",-0.14170275476274394,-0.1398525227487633,-0.12963786788600726,-0.15452953497594185,-0.12367106306355079,-0.1378787486874014,0.010635205101032762,142
3.1345736503601076,0.10215351469853441,0.04726390838623047,0.006208949475539262,0.7,0.2,5,100,0.7,"{'colsample_bytree': 0.7, 'learning_rate': 0.2, 'max_depth': 5, 'n_estimators': 100, 'subsample': 0.7}",-0.14108021377640328,-0.13889685656071565,-0.12925372157776518,-0.15414464523844726,-0.12281886445440966,-0.13723886032154822,0.010723891393672629,138
2.8152136325836183,0.11747193583056509,0.049452018737792966,0.009830504383328501,0.7,0.2,5,100,1.0,"{'colsample_bytree': 0.7, 'learning_rate': 0.2, 'max_depth': 5, 'n_estimators': 100, 'subsample': 1.0}",-0.14020613180245856,-0.13767793791799718,-0.1275214678928177,-0.15478000245352486,-0.12245238661622974,-0.1365275853366056,0.011200242106332622,134
6.064744997024536,0.15401545427851082,0.07734432220458984,0.013064780627663336,0.7,0.2,5,200,0.5,"{'colsample_bytree': 0.7, 'learning_rate': 0.2, 'max_depth': 5, 'n_estimators': 200, 'subsample': 0.5}",-0.15067446343650456,-0.14779229120356438,-0.1385425595158153,-0.1676982471753038,-0.13216695247402616,-0.14737490276104284,0.012111083197448224,154
6.1970658779144285,0.24523696465132758,0.07010712623596191,0.008105902103567882,0.7,0.2,5,200,0.7,"{'colsample_bytree': 0.7, 'learning_rate': 0.2, 'max_depth': 5, 'n_estimators': 200, 'subsample': 0.7}",-0.15132832474703126,-0.14870228126477802,-0.13788843987620902,-0.16774536328740147,-0.13337186056534542,-0.14780725394815303,0.011979070683506664,156
5.453089666366577,0.08713887697955766,0.06509547233581543,0.0039481141514874675,0.7,0.2,5,200,1.0,"{'colsample_bytree': 0.7, 'learning_rate': 0.2, 'max_depth': 5, 'n_estimators': 200, 'subsample': 1.0}",-0.1508638348422224,-0.14747073463123905,-0.13481579854822878,-0.1677556468529867,-0.1343602249517728,-0.14705324796528996,0.01228130439835288,153
1.657202672958374,0.0920914327891129,0.03564996719360351,0.0030977591181282457,0.7,0.2,7,50,0.5,"{'colsample_bytree': 0.7, 'learning_rate': 0.2, 'max_depth': 7, 'n_estimators': 50, 'subsample': 0.5}",-0.14031353205280148,-0.13642971218477154,-0.126621365592111,-0.1504819063977773,-0.12010816612355395,-0.13479093647020304,0.010599215239481107,128
1.6350268363952636,0.04979127176154054,0.04526853561401367,0.014576240269982145,0.7,0.2,7,50,0.7,"{'colsample_bytree': 0.7, 'learning_rate': 0.2, 'max_depth': 7, 'n_estimators': 50, 'subsample': 0.7}",-0.14056897677823876,-0.13862923567749155,-0.12854571934463377,-0.15432921477752493,-0.12087160138747399,-0.1365889495930726,0.011370567091935756,135
1.58210186958313,0.06035075273837251,0.04795093536376953,0.01843741391968582,0.7,0.2,7,50,1.0,"{'colsample_bytree': 0.7, 'learning_rate': 0.2, 'max_depth': 7, 'n_estimators': 50, 'subsample': 1.0}",-0.1396248533126937,-0.1350926813871753,-0.127445886541398,-0.1553198631885927,-0.12180742258387224,-0.13585814140274638,0.011504098345346372,131
3.41726016998291,0.18878215938727047,0.06551117897033691,0.018016230580066867,0.7,0.2,7,100,0.5,"{'colsample_bytree': 0.7, 'learning_rate': 0.2, 'max_depth': 7, 'n_estimators': 100, 'subsample': 0.5}",-0.15000576936137464,-0.14983327829965856,-0.1374851502503297,-0.16071125938630829,-0.1345434360186854,-0.1465157786632713,0.00948247594039015,152
3.5150326251983643,0.22306810816026437,0.05977191925048828,0.006862255000001413,0.7,0.2,7,100,0.7,"{'colsample_bytree': 0.7, 'learning_rate': 0.2, 'max_depth': 7, 'n_estimators': 100, 'subsample': 0.7}",-0.15065326462188228,-0.15106688037990046,-0.13846297539699062,-0.1665903483599201,-0.13212387937021622,-0.14777946962578192,0.011872737652804619,155
2.972981309890747,0.1068042754062725,0.0554962158203125,0.005226881918421068,0.7,0.2,7,100,1.0,"{'colsample_bytree': 0.7, 'learning_rate': 0.2, 'max_depth': 7, 'n_estimators': 100, 'subsample': 1.0}",-0.14774236670071134,-0.14625202708489715,-0.13733036420646832,-0.164003210781927,-0.13572684406566787,-0.14621096256793434,0.010076633857077511,151
6.259215068817139,0.133037397631192,0.09178156852722168,0.011496329667885434,0.7,0.2,7,200,0.5,"{'colsample_bytree': 0.7, 'learning_rate': 0.2, 'max_depth': 7, 'n_estimators': 200, 'subsample': 0.5}",-0.17000742586026907,-0.16713437435866682,-0.15013950119759398,-0.17963711013669298,-0.15063026112300118,-0.1635097345352448,0.011489945387815715,188
6.01951150894165,0.23909167962722705,0.09812312126159668,0.015618258030958163,0.7,0.2,7,200,0.7,"{'colsample_bytree': 0.7, 'learning_rate': 0.2, 'max_depth': 7, 'n_estimators': 200, 'subsample': 0.7}",-0.1693623274481367,-0.16695774128445215,-0.15613953422341828,-0.1903599164244074,-0.1516789642052409,-0.1668996967171311,0.013445457397146284,189
5.0845331192016605,0.1810781393806695,0.08780388832092285,0.042640148453487736,0.7,0.2,7,200,1.0,"{'colsample_bytree': 0.7, 'learning_rate': 0.2, 'max_depth': 7, 'n_estimators': 200, 'subsample': 1.0}",-0.16464692100582576,-0.16078707927777158,-0.15381596584087429,-0.18579347710671398,-0.15156612948556555,-0.16332191454335027,0.012179603433998432,187
